epoch	cpu	rss_kb	threads	stage	elapsed_s	peak_ws_kb
1790886685	268.4	1174052	11	5.61s  SH volume bake...	10	1174052
1790886695	492.4	1175272	11	5.61s  SH volume bake...	20	1175272
1790886705	494.8	1176320	9	5.61s  SH volume bake...	30	1176352
1790886715	490.7	1177372	9	5.61s  SH volume bake...	40	1177372
1790886725	495.5	1178524	9	5.61s  SH volume bake...	50	1178524
1790886735	489.9	1179556	8	5.61s  SH volume bake...	60	1179568
1790886745	489.6	1180448	8	5.61s  SH volume bake...	70	1180448
1790886755	458.1	1182000	8	5.61s  SH volume bake...	80	1182000
1790886766	477.1	1183168	8	5.61s  SH volume bake...	90	1183168
1790886776	469.2	1184112	8	5.61s  SH volume bake...	100	1184112
1790886786	495.6	1184760	8	5.61s  SH volume bake...	110	1184760
1790886796	486.5	1185812	8	5.61s  SH volume bake...	120	1185812
1790886806	483.4	1186436	8	5.61s  SH volume bake...	130	1186436
1790886816	482.0	1187228	8	5.61s  SH volume bake...	140	1187228
1790886826	482.3	1191372	8	5.61s  SH volume bake...	151	1191372
1790886836	480.1	1192356	8	5.61s  SH volume bake...	161	1192356
1790886846	484.6	1193392	8	5.61s  SH volume bake...	171	1193392
1790886856	488.0	1194192	8	5.61s  SH volume bake...	181	1194192
1790886866	489.6	1195804	8	5.61s  SH volume bake...	191	1195804
1790886876	488.7	1196952	8	5.61s  SH volume bake...	201	1196952
1790886886	487.2	1197444	8	5.61s  SH volume bake...	211	1197444
1790886896	486.7	1198528	8	5.61s  SH volume bake...	221	1198528
1790886906	483.0	1199056	8	5.61s  SH volume bake...	231	1199056
1790886916	486.9	1199880	8	5.61s  SH volume bake...	241	1199880
1790886926	488.6	1201468	8	5.61s  SH volume bake...	251	1201468
1790886936	493.5	1202544	8	5.61s  SH volume bake...	261	1202544
1790886946	493.1	1203176	8	5.61s  SH volume bake...	271	1203176
1790886956	492.6	1204492	8	5.61s  SH volume bake...	281	1204492
1790886966	494.8	1205588	8	5.61s  SH volume bake...	291	1205588
1790886976	493.3	1205924	10	5.61s  SH volume bake...	301	1205924
1790886986	491.8	1207048	10	5.61s  SH volume bake...	311	1207048
1790886996	488.0	1209420	10	5.61s  SH volume bake...	321	1209420
1790887006	491.3	1210836	10	5.61s  SH volume bake...	331	1210836
1790887016	492.3	1211652	10	5.61s  SH volume bake...	341	1211652
1790887026	493.0	1215068	10	5.61s  SH volume bake...	351	1215068
1790887036	494.3	1215976	10	5.61s  SH volume bake...	361	1215976
1790887046	495.1	1216788	10	5.61s  SH volume bake...	371	1216788
1790887056	495.1	1217312	10	5.61s  SH volume bake...	381	1217312
1790887066	490.7	1218348	10	5.61s  SH volume bake...	391	1218348
1790887076	489.8	1219140	10	5.61s  SH volume bake...	401	1219140
1790887086	487.2	1220124	8	5.61s  SH volume bake...	411	1220124
1790887096	493.4	1220416	8	5.61s  SH volume bake...	421	1220416
1790887106	493.5	1221688	8	5.61s  SH volume bake...	431	1221688
1790887116	493.8	1222356	8	5.61s  SH volume bake...	441	1222356
1790887126	492.8	1222860	8	5.61s  SH volume bake...	451	1222860
1790887136	493.2	1223376	8	5.61s  SH volume bake...	461	1223376
1790887146	492.3	1223992	8	5.61s  SH volume bake...	471	1223992
1790887156	491.4	1225328	8	5.61s  SH volume bake...	481	1225328
1790887167	494.1	1225568	8	5.61s  SH volume bake...	491	1225568
1790887177	494.9	1227732	8	5.61s  SH volume bake...	501	1227732
1790887187	493.1	1228456	8	5.61s  SH volume bake...	511	1228456
1790887197	495.6	1229712	8	5.61s  SH volume bake...	521	1229712
1790887207	493.1	1230260	8	5.61s  SH volume bake...	532	1230260
1790887217	491.6	1231056	8	5.61s  SH volume bake...	542	1231056
1790887227	486.7	1231844	8	5.61s  SH volume bake...	552	1231844
1790887237	491.5	1232628	8	5.61s  SH volume bake...	562	1232628
1790887247	489.5	1234612	8	5.61s  SH volume bake...	572	1234612
1790887257	493.4	1235408	8	5.61s  SH volume bake...	582	1235408
1790887267	493.2	1236588	8	5.61s  SH volume bake...	592	1236588
1790887277	484.4	1237672	9	5.61s  SH volume bake...	602	1237672
1790887287	492.1	1239260	9	5.61s  SH volume bake...	612	1239260
1790887297	488.6	1240016	9	5.61s  SH volume bake...	622	1240016
1790887307	483.2	1242992	9	5.61s  SH volume bake...	632	1242992
1790887317	492.8	1243756	9	5.61s  SH volume bake...	642	1243756
1790887327	494.1	1244248	9	5.61s  SH volume bake...	652	1244248
1790887337	494.0	1244968	9	5.61s  SH volume bake...	662	1244968
1790887347	493.3	1245720	8	5.61s  SH volume bake...	672	1245720
1790887357	494.3	1246500	8	5.61s  SH volume bake...	682	1246500
1790887367	492.8	1246580	8	5.61s  SH volume bake...	692	1246580
1790887377	489.2	181120	8	5.61s  SH volume bake...	702	1246872
1790887387	484.9	182180	8	5.61s  SH volume bake...	712	1246872
1790887397	493.8	182548	8	5.61s  SH volume bake...	722	1246872
1790887407	480.3	183452	8	5.61s  SH volume bake...	732	1246872
1790887417	257.0	186552	8	5.61s  SH volume bake...	742	1246872
1790887428	366.7	187036	8	5.61s  SH volume bake...	753	1246872
1790887438	484.7	188344	8	5.61s  SH volume bake...	763	1246872
1790887448	481.3	188852	8	5.61s  SH volume bake...	773	1246872
1790887458	479.8	189620	8	5.61s  SH volume bake...	783	1246872
1790887468	490.3	190116	8	5.61s  SH volume bake...	793	1246872
1790887478	490.5	190816	8	5.61s  SH volume bake...	803	1246872
1790887488	494.9	191712	8	5.61s  SH volume bake...	813	1246872
1790887498	494.1	192380	8	5.61s  SH volume bake...	823	1246872
1790887508	494.6	192980	8	5.61s  SH volume bake...	833	1246872
1790887518	490.2	193444	8	5.61s  SH volume bake...	843	1246872
1790887528	491.7	194764	8	5.61s  SH volume bake...	853	1246872
1790887538	490.2	195116	8	5.61s  SH volume bake...	863	1246872
1790887548	490.9	195612	8	5.61s  SH volume bake...	873	1246872
1790887558	495.4	196408	8	5.61s  SH volume bake...	883	1246872
1790887568	493.4	196916	8	5.61s  SH volume bake...	893	1246872
1790887578	495.7	198208	8	5.61s  SH volume bake...	903	1246872
1790887588	494.2	198560	8	5.61s  SH volume bake...	913	1246872
1790887598	486.6	200304	8	5.61s  SH volume bake...	923	1246872
1790887608	493.1	201260	8	5.61s  SH volume bake...	933	1246872
1790887618	490.2	202044	8	5.61s  SH volume bake...	943	1246872
1790887628	493.4	202656	8	5.61s  SH volume bake...	953	1246872
1790887638	493.0	202900	8	5.61s  SH volume bake...	963	1246872
1790887648	490.7	206592	8	5.61s  SH volume bake...	973	1246872
1790887658	494.6	207172	8	5.61s  SH volume bake...	983	1246872
1790887668	489.7	208972	8	5.61s  SH volume bake...	993	1246872
1790887678	489.4	210492	8	5.61s  SH volume bake...	1003	1246872
1790887688	491.4	211424	8	5.61s  SH volume bake...	1013	1246872
1790887698	491.2	212380	8	5.61s  SH volume bake...	1023	1246872
1790887708	495.3	212916	8	5.61s  SH volume bake...	1033	1246872
1790887718	492.2	213936	8	5.61s  SH volume bake...	1043	1246872
1790887728	491.4	214704	8	5.61s  SH volume bake...	1053	1246872
1790887738	496.3	215448	8	5.61s  SH volume bake...	1063	1246872
1790887749	486.7	216864	8	5.61s  SH volume bake...	1073	1246872
1790887759	490.5	217368	8	5.61s  SH volume bake...	1083	1246872
1790887769	493.5	218048	8	5.61s  SH volume bake...	1093	1246872
1790887779	494.7	219352	8	5.61s  SH volume bake...	1103	1246872
1790887789	496.8	220124	8	5.61s  SH volume bake...	1113	1246872
1790887799	489.6	224260	8	5.61s  SH volume bake...	1123	1246872
1790887809	493.6	225016	8	5.61s  SH volume bake...	1134	1246872
1790887819	494.2	225812	8	5.61s  SH volume bake...	1144	1246872
1790887829	488.7	226600	8	5.61s  SH volume bake...	1154	1246872
1790887839	490.7	227680	8	5.61s  SH volume bake...	1164	1246872
1790887849	495.4	228184	8	5.61s  SH volume bake...	1174	1246872
1790887859	492.2	228972	8	5.61s  SH volume bake...	1184	1246872
1790887869	494.4	229708	8	5.61s  SH volume bake...	1194	1246872
1790887879	495.5	230496	8	5.61s  SH volume bake...	1204	1246872
1790887889	493.3	231800	8	5.61s  SH volume bake...	1214	1246872
1790887899	491.8	232064	8	5.61s  SH volume bake...	1224	1246872
1790887909	491.8	233344	8	5.61s  SH volume bake...	1234	1246872
1790887919	488.3	235764	8	5.61s  SH volume bake...	1244	1246872
1790887929	492.4	236292	8	5.61s  SH volume bake...	1254	1246872
1790887939	493.7	237436	8	5.61s  SH volume bake...	1264	1246872
1790887949	494.3	238332	8	5.61s  SH volume bake...	1274	1246872
1790887959	488.5	242596	8	5.61s  SH volume bake...	1284	1246872
1790887969	492.7	242996	8	5.61s  SH volume bake...	1294	1246872
1790887979	484.2	243524	8	5.61s  SH volume bake...	1304	1246872
1790887989	488.0	244856	8	5.61s  SH volume bake...	1314	1246872
1790887999	488.7	245384	8	5.61s  SH volume bake...	1324	1246872
1790888009	496.7	246568	8	5.61s  SH volume bake...	1334	1246872
1790888019	490.3	247108	8	5.61s  SH volume bake...	1344	1246872
1790888029	494.0	248472	8	5.61s  SH volume bake...	1354	1246872
1790888039	488.6	249700	8	5.61s  SH volume bake...	1364	1246872
1790888049	496.7	250856	8	5.61s  SH volume bake...	1374	1246872
1790888059	490.1	251340	8	5.61s  SH volume bake...	1384	1246872
1790888069	491.7	251736	8	5.61s  SH volume bake...	1394	1246872
1790888079	492.7	252728	8	5.61s  SH volume bake...	1404	1246872
1790888089	494.2	253812	8	5.61s  SH volume bake...	1414	1246872
1790888099	494.9	255036	8	5.61s  SH volume bake...	1424	1246872
1790888110	490.8	257072	8	5.61s  SH volume bake...	1434	1246872
1790888120	492.4	259224	8	5.61s  SH volume bake...	1444	1246872
1790888130	489.8	260864	8	5.61s  SH volume bake...	1455	1246872
1790888140	488.0	262396	8	5.61s  SH volume bake...	1465	1246872
1790888150	491.9	263396	8	5.61s  SH volume bake...	1475	1246872
1790888160	496.9	264028	8	5.61s  SH volume bake...	1485	1246872
1790888170	494.6	264548	8	5.61s  SH volume bake...	1495	1246872
1790888180	496.6	265852	8	5.61s  SH volume bake...	1505	1246872
1790888190	494.1	266680	8	5.61s  SH volume bake...	1515	1246872
1790888200	494.1	267476	8	5.61s  SH volume bake...	1525	1246872
1790888210	488.2	268252	8	5.61s  SH volume bake...	1535	1246872
1790888220	489.5	269204	8	5.61s  SH volume bake...	1545	1246872
1790888230	491.0	270052	8	5.61s  SH volume bake...	1555	1246872
1790888240	487.8	272352	8	5.61s  SH volume bake...	1565	1246872
1790888250	493.8	272908	8	5.61s  SH volume bake...	1575	1246872
1790888260	495.6	273992	8	5.61s  SH volume bake...	1585	1246872
1790888270	493.2	274752	8	5.61s  SH volume bake...	1595	1246872
1790888280	491.9	275720	8	5.61s  SH volume bake...	1605	1246872
1790888290	489.2	277256	8	5.61s  SH volume bake...	1615	1246872
1790888300	490.5	278292	8	5.61s  SH volume bake...	1625	1246872
1790888310	491.1	278848	8	5.61s  SH volume bake...	1635	1246872
1790888320	496.2	280160	8	5.61s  SH volume bake...	1645	1246872
1790888330	489.2	281008	8	5.61s  SH volume bake...	1655	1246872
1790888340	491.6	281852	8	5.61s  SH volume bake...	1665	1246872
1790888350	494.5	282356	8	5.61s  SH volume bake...	1675	1246872
1790888360	492.6	283396	8	5.61s  SH volume bake...	1685	1246872
1790888370	484.8	283656	8	5.61s  SH volume bake...	1695	1246872
1790888380	491.7	285260	8	5.61s  SH volume bake...	1705	1246872
1790888390	494.1	285484	8	5.61s  SH volume bake...	1715	1246872
1790888400	492.9	286256	8	5.61s  SH volume bake...	1725	1246872
1790888410	493.0	286760	8	5.61s  SH volume bake...	1735	1246872
1790888420	493.7	288116	8	5.61s  SH volume bake...	1745	1246872
1790888430	491.6	288880	8	5.61s  SH volume bake...	1755	1246872
1790888440	491.1	289388	8	5.61s  SH volume bake...	1765	1246872
1790888450	489.2	290476	8	5.61s  SH volume bake...	1775	1246872
1790888460	490.6	291552	8	5.61s  SH volume bake...	1785	1246872
1790888470	491.2	292080	8	5.61s  SH volume bake...	1795	1246872
1790888480	492.2	292864	8	5.61s  SH volume bake...	1805	1246872
1790888490	494.3	293892	8	5.61s  SH volume bake...	1815	1246872
1790888500	496.0	294676	8	5.61s  SH volume bake...	1825	1246872
1790888510	494.4	295436	8	5.61s  SH volume bake...	1835	1246872
1790888521	488.9	296244	8	5.61s  SH volume bake...	1845	1246872
1790888531	487.8	297376	8	5.61s  SH volume bake...	1855	1246872
1790888541	494.5	298548	8	5.61s  SH volume bake...	1865	1246872
1790888551	493.8	299680	8	5.61s  SH volume bake...	1875	1246872
1790888561	495.5	300496	8	5.61s  SH volume bake...	1885	1246872
1790888571	495.0	301564	8	5.61s  SH volume bake...	1895	1246872
1790888581	493.5	302888	8	5.61s  SH volume bake...	1905	1246872
1790888591	490.5	303260	8	5.61s  SH volume bake...	1916	1246872
1790888601	489.5	303796	8	5.61s  SH volume bake...	1926	1246872
1790888611	486.9	304948	8	5.61s  SH volume bake...	1936	1246872
1790888621	491.9	306384	8	5.61s  SH volume bake...	1946	1246872
1790888631	494.8	306660	8	5.61s  SH volume bake...	1956	1246872
1790888641	492.9	307088	8	5.61s  SH volume bake...	1966	1246872
1790888651	494.3	307832	8	5.61s  SH volume bake...	1976	1246872
1790888661	492.1	308196	8	5.61s  SH volume bake...	1986	1246872
1790888671	492.3	308380	8	5.61s  SH volume bake...	1996	1246872
1790888681	488.0	309656	8	5.61s  SH volume bake...	2006	1246872
1790888691	492.0	310268	8	5.61s  SH volume bake...	2016	1246872
1790888701	494.2	310480	8	5.61s  SH volume bake...	2026	1246872
1790888711	492.4	311212	8	5.61s  SH volume bake...	2036	1246872
1790888721	487.8	311688	8	5.61s  SH volume bake...	2046	1246872
1790888731	496.4	312028	8	5.61s  SH volume bake...	2056	1246872
1790888741	495.3	312768	8	5.61s  SH volume bake...	2066	1246872
1790888751	491.8	312852	8	5.61s  SH volume bake...	2076	1246872
1790888761	489.1	313888	8	5.61s  SH volume bake...	2086	1246872
1790888771	491.6	314644	8	5.61s  SH volume bake...	2096	1246872
1790888781	489.4	315648	8	5.61s  SH volume bake...	2106	1246872
1790888791	494.2	316728	8	5.61s  SH volume bake...	2116	1246872
1790888801	492.7	317512	8	5.61s  SH volume bake...	2126	1246872
1790888811	494.1	318304	8	5.61s  SH volume bake...	2136	1246872
1790888821	492.8	318852	8	5.61s  SH volume bake...	2146	1246872
1790888831	491.2	319636	8	5.61s  SH volume bake...	2156	1246872
1790888841	492.1	320268	8	5.61s  SH volume bake...	2166	1246872
1790888851	493.3	321348	8	5.61s  SH volume bake...	2176	1246872
1790888861	492.5	321884	8	5.61s  SH volume bake...	2186	1246872
1790888871	496.1	323272	8	5.61s  SH volume bake...	2196	1246872
1790888882	495.1	323772	8	5.61s  SH volume bake...	2206	1246872
1790888892	491.7	325072	8	5.61s  SH volume bake...	2216	1246872
1790888902	492.5	325284	8	5.61s  SH volume bake...	2226	1246872
1790888912	486.6	326052	8	5.61s  SH volume bake...	2236	1246872
1790888922	493.1	326544	8	5.61s  SH volume bake...	2246	1246872
1790888932	495.8	327548	8	5.61s  SH volume bake...	2256	1246872
1790888942	493.3	328344	8	5.61s  SH volume bake...	2266	1246872
1790888952	494.5	328688	8	5.61s  SH volume bake...	2277	1246872
1790888962	492.4	329456	8	5.61s  SH volume bake...	2287	1246872
1790888972	495.1	329704	8	5.61s  SH volume bake...	2297	1246872
1790888982	492.2	331216	8	5.61s  SH volume bake...	2307	1246872
1790888992	488.4	331316	8	5.61s  SH volume bake...	2317	1246872
1790889002	492.4	332060	8	5.61s  SH volume bake...	2327	1246872
1790889012	492.2	332612	8	5.61s  SH volume bake...	2337	1246872
1790889022	495.1	333492	8	5.61s  SH volume bake...	2347	1246872
1790889032	495.6	334564	8	5.61s  SH volume bake...	2357	1246872
1790889042	492.2	335084	8	5.61s  SH volume bake...	2367	1246872
1790889052	496.5	335796	8	5.61s  SH volume bake...	2377	1246872
1790889062	492.8	336556	8	5.61s  SH volume bake...	2387	1246872
1790889072	488.3	337312	8	5.61s  SH volume bake...	2397	1246872
1790889082	495.8	338140	8	5.61s  SH volume bake...	2407	1246872
1790889092	492.8	338952	8	5.61s  SH volume bake...	2417	1246872
1790889102	491.7	339716	8	5.61s  SH volume bake...	2427	1246872
1790889112	494.8	340492	8	5.61s  SH volume bake...	2437	1246872
1790889122	490.9	340708	8	5.61s  SH volume bake...	2447	1246872
1790889132	496.3	341724	8	5.61s  SH volume bake...	2457	1246872
1790889142	492.9	342340	8	5.61s  SH volume bake...	2467	1246872
1790889152	492.3	343108	8	5.61s  SH volume bake...	2477	1246872
1790889162	495.0	343584	8	5.61s  SH volume bake...	2487	1246872
1790889172	491.7	344360	8	5.61s  SH volume bake...	2497	1246872
1790889182	490.8	344836	8	5.61s  SH volume bake...	2507	1246872
1790889192	495.1	345192	8	5.61s  SH volume bake...	2517	1246872
1790889202	493.3	346440	8	5.61s  SH volume bake...	2527	1246872
1790889212	492.3	347220	8	5.61s  SH volume bake...	2537	1246872
1790889222	488.0	347444	8	5.61s  SH volume bake...	2547	1246872
1790889232	493.5	348220	8	5.61s  SH volume bake...	2557	1246872
1790889242	495.2	349240	8	5.61s  SH volume bake...	2567	1246872
1790889252	494.8	349740	8	5.61s  SH volume bake...	2577	1246872
1790889262	495.1	350628	8	5.61s  SH volume bake...	2587	1246872
1790889272	493.2	351368	8	5.61s  SH volume bake...	2597	1246872
1790889282	491.4	351548	8	5.61s  SH volume bake...	2607	1246872
1790889292	490.9	351920	8	5.61s  SH volume bake...	2617	1246872
1790889302	489.7	352496	8	5.61s  SH volume bake...	2627	1246872
1790889312	492.8	353360	8	5.61s  SH volume bake...	2637	1246872
1790889322	498.2	354132	8	5.61s  SH volume bake...	2647	1246872
1790889332	496.4	354364	8	5.61s  SH volume bake...	2657	1246872
1790889343	488.1	355116	8	5.61s  SH volume bake...	2667	1246872
1790889353	495.1	355984	8	5.61s  SH volume bake...	2677	1246872
1790889363	491.2	356448	8	5.61s  SH volume bake...	2687	1246872
1790889373	488.4	356676	8	5.61s  SH volume bake...	2697	1246872
1790889383	491.3	357552	8	5.61s  SH volume bake...	2707	1246872
1790889393	491.1	357752	8	5.61s  SH volume bake...	2718	1246872
1790889403	494.0	358492	8	5.61s  SH volume bake...	2728	1246872
1790889413	493.1	359100	8	5.61s  SH volume bake...	2738	1246872
1790889423	491.3	359308	8	5.61s  SH volume bake...	2748	1246872
1790889433	489.6	359936	8	5.61s  SH volume bake...	2758	1246872
1790889443	483.4	360788	8	5.61s  SH volume bake...	2768	1246872
1790889453	487.1	361268	8	5.61s  SH volume bake...	2778	1246872
1790889463	490.7	361604	8	5.61s  SH volume bake...	2788	1246872
1790889473	494.5	362368	8	5.61s  SH volume bake...	2798	1246872
1790889483	494.3	363120	8	5.61s  SH volume bake...	2808	1246872
1790889493	494.4	363208	9	5.61s  SH volume bake...	2818	1246872
1790889503	488.8	363720	9	5.61s  SH volume bake...	2828	1246872
1790889513	490.1	364796	9	5.61s  SH volume bake...	2838	1246872
1790889523	488.6	365828	9	5.61s  SH volume bake...	2848	1246872
1790889533	484.3	366352	9	5.61s  SH volume bake...	2858	1246872
1790889543	492.5	366876	9	5.61s  SH volume bake...	2868	1246872
1790889553	491.3	367620	9	5.61s  SH volume bake...	2878	1246872
1790889563	496.3	368636	9	5.61s  SH volume bake...	2888	1246872
1790889573	494.3	369292	9	5.61s  SH volume bake...	2898	1246872
1790889583	494.9	369760	9	5.61s  SH volume bake...	2908	1246872
1790889593	493.8	370440	9	5.61s  SH volume bake...	2918	1246872
1790889603	482.1	371764	9	5.61s  SH volume bake...	2928	1246872
1790889613	490.0	372784	9	5.61s  SH volume bake...	2938	1246872
1790889623	494.3	373296	9	5.61s  SH volume bake...	2948	1246872
1790889633	496.2	374068	8	5.61s  SH volume bake...	2958	1246872
1790889643	494.9	375080	8	5.61s  SH volume bake...	2968	1246872
1790889653	492.1	375564	8	5.61s  SH volume bake...	2978	1246872
1790889663	490.9	376388	8	5.61s  SH volume bake...	2988	1246872
1790889673	490.7	377172	8	5.61s  SH volume bake...	2998	1246872
1790889683	492.4	378088	8	5.61s  SH volume bake...	3008	1246872
1790889693	491.0	378872	8	5.61s  SH volume bake...	3018	1246872
1790889703	492.4	379360	8	5.61s  SH volume bake...	3028	1246872
1790889713	495.6	380072	8	5.61s  SH volume bake...	3038	1246872
1790889723	494.4	381108	8	5.61s  SH volume bake...	3048	1246872
1790889733	494.7	382060	8	5.61s  SH volume bake...	3058	1246872
1790889744	496.3	382696	8	5.61s  SH volume bake...	3068	1246872
1790889754	492.0	384004	8	5.61s  SH volume bake...	3078	1246872
1790889764	490.1	385364	8	5.61s  SH volume bake...	3088	1246872
1790889774	490.9	385880	8	5.61s  SH volume bake...	3098	1246872
1790889784	492.8	386956	8	5.61s  SH volume bake...	3108	1246872
1790889794	493.8	387376	8	5.61s  SH volume bake...	3119	1246872
1790889804	494.2	388416	8	5.61s  SH volume bake...	3129	1246872
1790889814	493.3	389184	8	5.61s  SH volume bake...	3139	1246872
1790889824	494.4	390200	8	5.61s  SH volume bake...	3149	1246872
1790889834	489.7	391256	8	5.61s  SH volume bake...	3159	1246872
1790889844	489.4	392052	8	5.61s  SH volume bake...	3169	1246872
1790889854	489.1	392820	8	5.61s  SH volume bake...	3179	1246872
1790889864	494.3	393368	8	5.61s  SH volume bake...	3189	1246872
1790889874	494.2	395076	8	5.61s  SH volume bake...	3199	1246872
1790889884	493.8	395616	8	5.61s  SH volume bake...	3209	1246872
1790889894	495.2	396132	8	5.61s  SH volume bake...	3219	1246872
1790889904	493.9	397416	8	5.61s  SH volume bake...	3229	1246872
1790889914	491.1	398032	8	5.61s  SH volume bake...	3239	1246872
1790889924	491.0	398268	8	5.61s  SH volume bake...	3249	1246872
1790889934	492.6	399316	8	5.61s  SH volume bake...	3259	1246872
1790889944	497.3	399776	8	5.61s  SH volume bake...	3269	1246872
1790889954	495.2	400268	8	5.61s  SH volume bake...	3279	1246872
1790889964	495.2	400656	8	5.61s  SH volume bake...	3289	1246872
1790889974	489.9	401440	8	5.61s  SH volume bake...	3299	1246872
1790889984	492.3	402620	8	5.61s  SH volume bake...	3309	1246872
1790889994	484.4	402988	8	5.61s  SH volume bake...	3319	1246872
1790890004	492.1	403796	8	5.61s  SH volume bake...	3329	1246872
1790890014	494.6	404832	8	5.61s  SH volume bake...	3339	1246872
1790890024	494.1	405624	8	5.61s  SH volume bake...	3349	1246872
1790890034	488.7	407012	8	5.61s  SH volume bake...	3359	1246872
1790890044	495.2	407908	8	5.61s  SH volume bake...	3369	1246872
1790890054	489.4	408696	8	5.61s  SH volume bake...	3379	1246872
1790890064	486.6	409476	8	5.61s  SH volume bake...	3389	1246872
1790890074	494.4	410504	8	5.61s  SH volume bake...	3399	1246872
1790890084	490.6	411044	8	5.61s  SH volume bake...	3409	1246872
1790890094	490.6	411800	8	5.61s  SH volume bake...	3419	1246872
1790890104	492.4	412844	8	5.61s  SH volume bake...	3429	1246872
1790890114	493.4	413344	8	5.61s  SH volume bake...	3439	1246872
1790890124	491.7	413868	8	5.61s  SH volume bake...	3449	1246872
1790890134	493.4	415420	8	5.61s  SH volume bake...	3459	1246872
1790890144	492.4	416404	8	5.61s  SH volume bake...	3469	1246872
1790890154	491.3	417216	8	5.61s  SH volume bake...	3479	1246872
1790890164	489.8	418576	8	5.61s  SH volume bake...	3489	1246872
1790890174	492.8	419476	8	5.61s  SH volume bake...	3499	1246872
1790890184	493.4	420208	8	5.61s  SH volume bake...	3509	1246872
1790890194	491.6	420748	8	5.61s  SH volume bake...	3519	1246872
1790890204	490.1	421496	8	5.61s  SH volume bake...	3529	1246872
1790890214	485.3	422236	8	5.61s  SH volume bake...	3539	1246872
1790890224	493.3	422888	8	5.61s  SH volume bake...	3549	1246872
1790890235	490.1	423620	8	5.61s  SH volume bake...	3559	1246872
1790890245	496.9	424368	8	5.61s  SH volume bake...	3569	1246872
1790890255	495.1	425476	8	5.61s  SH volume bake...	3579	1246872
1790890265	494.1	426008	8	5.61s  SH volume bake...	3589	1246872
1790890275	488.5	427304	8	5.61s  SH volume bake...	3599	1246872
1790890285	487.1	427828	8	5.61s  SH volume bake...	3609	1246872
1790890295	488.8	428872	8	5.61s  SH volume bake...	3620	1246872
1790890305	492.0	430108	8	5.61s  SH volume bake...	3630	1246872
1790890315	492.7	431100	8	5.61s  SH volume bake...	3640	1246872
1790890325	493.4	432436	8	5.61s  SH volume bake...	3650	1246872
1790890335	494.9	432948	8	5.61s  SH volume bake...	3660	1246872
1790890345	496.3	433584	8	5.61s  SH volume bake...	3670	1246872
1790890355	488.3	434352	8	5.61s  SH volume bake...	3680	1246872
1790890365	490.1	434836	8	5.61s  SH volume bake...	3690	1246872
1790890375	490.5	435848	8	5.61s  SH volume bake...	3700	1246872
1790890385	494.8	436324	8	5.61s  SH volume bake...	3710	1246872
1790890395	494.4	436812	8	5.61s  SH volume bake...	3720	1246872
1790890405	491.2	438176	8	5.61s  SH volume bake...	3730	1246872
1790890415	494.1	439236	8	5.61s  SH volume bake...	3740	1246872
1790890425	493.6	440020	8	5.61s  SH volume bake...	3750	1246872
1790890435	493.0	440540	8	5.61s  SH volume bake...	3760	1246872
1790890445	493.2	441288	8	5.61s  SH volume bake...	3770	1246872
1790890455	493.1	441776	8	5.61s  SH volume bake...	3780	1246872
1790890465	496.1	442132	8	5.61s  SH volume bake...	3790	1246872
1790890475	492.2	443140	8	5.61s  SH volume bake...	3800	1246872
1790890485	494.6	443628	8	5.61s  SH volume bake...	3810	1246872
1790890495	492.9	443716	8	5.61s  SH volume bake...	3820	1246872
1790890505	489.6	444716	8	5.61s  SH volume bake...	3830	1246872
1790890515	486.5	445424	8	5.61s  SH volume bake...	3840	1246872
1790890525	489.9	445788	8	5.61s  SH volume bake...	3850	1246872
1790890535	489.7	446324	8	5.61s  SH volume bake...	3860	1246872
1790890545	490.6	446816	8	5.61s  SH volume bake...	3870	1246872
1790890555	491.4	448352	8	5.61s  SH volume bake...	3880	1246872
1790890565	490.0	448588	8	5.61s  SH volume bake...	3890	1246872
1790890575	463.3	448796	8	5.61s  SH volume bake...	3900	1246872
1790890585	486.8	449412	8	5.61s  SH volume bake...	3910	1246872
1790890595	492.2	450148	8	5.61s  SH volume bake...	3920	1246872
1790890605	490.2	451432	8	5.61s  SH volume bake...	3930	1246872
1790890615	490.2	452460	8	5.61s  SH volume bake...	3940	1246872
1790890625	495.3	452968	8	5.61s  SH volume bake...	3950	1246872
1790890635	495.3	453760	8	5.61s  SH volume bake...	3960	1246872
1790890645	495.6	455548	8	5.61s  SH volume bake...	3970	1246872
1790890655	489.9	455984	8	5.61s  SH volume bake...	3980	1246872
1790890665	490.8	457008	8	5.61s  SH volume bake...	3990	1246872
1790890676	490.8	457260	8	5.61s  SH volume bake...	4000	1246872
1790890686	492.4	458556	8	5.61s  SH volume bake...	4010	1246872
1790890696	491.3	460136	8	5.61s  SH volume bake...	4020	1246872
1790890706	495.3	461200	8	5.61s  SH volume bake...	4031	1246872
1790890716	493.6	462584	8	5.61s  SH volume bake...	4041	1246872
1790890726	490.2	463268	8	5.61s  SH volume bake...	4051	1246872
1790890736	492.0	464676	8	5.61s  SH volume bake...	4061	1246872
1790890746	491.1	466132	8	5.61s  SH volume bake...	4071	1246872
1790890756	489.8	466656	8	5.61s  SH volume bake...	4081	1246872
1790890766	493.1	467724	8	5.61s  SH volume bake...	4091	1246872
1790890776	491.3	469172	8	5.61s  SH volume bake...	4101	1246872
1790890786	487.4	470052	8	5.61s  SH volume bake...	4111	1246872
1790890796	494.7	470424	8	5.61s  SH volume bake...	4121	1246872
1790890806	493.4	470692	8	5.61s  SH volume bake...	4131	1246872
1790890816	494.3	472212	8	5.61s  SH volume bake...	4141	1246872
1790890826	492.5	472704	8	5.61s  SH volume bake...	4151	1246872
1790890836	489.3	473204	8	5.61s  SH volume bake...	4161	1246872
1790890846	492.6	474204	8	5.61s  SH volume bake...	4171	1246872
1790890856	489.8	475004	8	5.61s  SH volume bake...	4181	1246872
1790890866	494.2	475540	8	5.61s  SH volume bake...	4191	1246872
1790890876	487.3	479236	8	5.61s  SH volume bake...	4201	1246872
1790890886	494.2	479992	8	5.61s  SH volume bake...	4211	1246872
1790890896	492.0	481004	8	5.61s  SH volume bake...	4221	1246872
1790890906	489.6	481828	8	5.61s  SH volume bake...	4231	1246872
1790890916	491.4	482036	8	5.61s  SH volume bake...	4241	1246872
1790890926	491.9	484964	8	5.61s  SH volume bake...	4251	1246872
1790890936	490.5	486504	8	5.61s  SH volume bake...	4261	1246872
1790890946	491.6	486740	8	5.61s  SH volume bake...	4271	1246872
1790890956	494.9	487216	8	5.61s  SH volume bake...	4281	1246872
1790890966	491.8	489036	8	5.61s  SH volume bake...	4291	1246872
1790890976	487.4	490352	8	5.61s  SH volume bake...	4301	1246872
1790890986	486.7	490872	8	5.61s  SH volume bake...	4311	1246872
1790890996	489.4	491336	8	5.61s  SH volume bake...	4321	1246872
1790891006	493.4	492464	8	5.61s  SH volume bake...	4331	1246872
1790891016	491.1	492664	8	5.61s  SH volume bake...	4341	1246872
1790891026	487.6	492872	8	5.61s  SH volume bake...	4351	1246872
1790891037	491.0	493908	8	5.61s  SH volume bake...	4361	1246872
1790891047	491.0	494228	8	5.61s  SH volume bake...	4371	1246872
1790891057	491.8	494688	8	5.61s  SH volume bake...	4381	1246872
1790891067	489.3	495196	8	5.61s  SH volume bake...	4391	1246872
1790891077	482.3	498308	8	5.61s  SH volume bake...	4401	1246872
1790891087	496.0	499060	8	5.61s  SH volume bake...	4411	1246872
1790891097	495.2	500092	8	5.61s  SH volume bake...	4421	1246872
1790891107	496.0	500308	8	5.61s  SH volume bake...	4431	1246872
1790891117	495.7	501376	8	5.61s  SH volume bake...	4442	1246872
1790891127	494.3	502108	8	5.61s  SH volume bake...	4452	1246872
1790891137	490.5	502888	8	5.61s  SH volume bake...	4462	1246872
1790891147	486.6	503652	8	5.61s  SH volume bake...	4472	1246872
1790891157	494.3	504032	8	5.61s  SH volume bake...	4482	1246872
1790891167	494.2	505020	8	5.61s  SH volume bake...	4492	1246872
1790891177	492.7	506612	8	5.61s  SH volume bake...	4502	1246872
1790891187	495.9	507384	8	5.61s  SH volume bake...	4512	1246872
1790891197	494.2	507844	8	5.61s  SH volume bake...	4522	1246872
1790891207	493.1	508368	8	5.61s  SH volume bake...	4532	1246872
1790891217	492.9	508988	8	5.61s  SH volume bake...	4542	1246872
1790891227	493.2	509464	8	5.61s  SH volume bake...	4552	1246872
1790891237	491.8	510976	8	5.61s  SH volume bake...	4562	1246872
1790891247	493.2	511572	8	5.61s  SH volume bake...	4572	1246872
1790891257	495.4	512616	8	5.61s  SH volume bake...	4582	1246872
1790891267	496.0	513108	8	5.61s  SH volume bake...	4592	1246872
1790891277	492.4	514688	8	5.61s  SH volume bake...	4602	1246872
1790891287	489.8	515876	8	5.61s  SH volume bake...	4612	1246872
1790891297	491.6	516684	8	5.61s  SH volume bake...	4622	1246872
1790891307	493.5	517436	8	5.61s  SH volume bake...	4632	1246872
1790891317	495.3	518208	8	5.61s  SH volume bake...	4642	1246872
1790891327	495.8	519092	8	5.61s  SH volume bake...	4652	1246872
1790891337	494.3	519728	8	5.61s  SH volume bake...	4662	1246872
1790891347	494.3	519964	8	5.61s  SH volume bake...	4672	1246872
1790891357	496.3	520848	8	5.61s  SH volume bake...	4682	1246872
1790891367	489.7	521600	8	5.61s  SH volume bake...	4692	1246872
1790891377	492.1	522064	8	5.61s  SH volume bake...	4702	1246872
1790891387	492.3	522552	8	5.61s  SH volume bake...	4712	1246872
1790891397	494.8	523184	8	5.61s  SH volume bake...	4722	1246872
1790891407	496.3	523408	8	5.61s  SH volume bake...	4732	1246872
1790891417	496.2	524380	8	5.61s  SH volume bake...	4742	1246872
1790891427	496.9	524980	8	5.61s  SH volume bake...	4752	1246872
1790891437	491.4	525216	8	5.61s  SH volume bake...	4762	1246872
1790891447	490.2	525940	8	5.61s  SH volume bake...	4772	1246872
1790891457	491.6	526284	8	5.61s  SH volume bake...	4782	1246872
1790891467	489.2	527028	8	5.61s  SH volume bake...	4792	1246872
1790891477	492.9	527240	8	5.61s  SH volume bake...	4802	1246872
1790891488	490.3	528128	8	5.61s  SH volume bake...	4812	1246872
1790891498	483.8	528884	8	5.61s  SH volume bake...	4822	1246872
1790891508	481.2	529080	8	5.61s  SH volume bake...	4832	1246872
1790891518	484.5	530064	8	5.61s  SH volume bake...	4842	1246872
1790891528	484.7	530176	8	5.61s  SH volume bake...	4853	1246872
1790891538	491.4	530908	8	5.61s  SH volume bake...	4863	1246872
1790891548	489.0	534592	8	5.61s  SH volume bake...	4873	1246872
1790891558	491.2	535372	8	5.61s  SH volume bake...	4883	1246872
1790891568	496.0	536136	8	5.61s  SH volume bake...	4893	1246872
1790891578	494.9	536504	8	5.61s  SH volume bake...	4903	1246872
1790891588	492.4	537700	8	5.61s  SH volume bake...	4913	1246872
1790891598	490.6	538732	8	5.61s  SH volume bake...	4923	1246872
1790891608	493.8	539224	8	5.61s  SH volume bake...	4933	1246872
1790891618	495.5	540228	8	5.61s  SH volume bake...	4943	1246872
1790891628	496.4	540336	8	5.61s  SH volume bake...	4953	1246872
1790891638	494.7	540800	8	5.61s  SH volume bake...	4963	1246872
1790891648	495.4	541788	8	5.61s  SH volume bake...	4973	1246872
1790891658	492.7	542276	8	5.61s  SH volume bake...	4983	1246872
1790891668	488.4	542352	8	5.61s  SH volume bake...	4993	1246872
1790891678	486.7	543372	8	5.61s  SH volume bake...	5003	1246872
1790891688	488.7	543844	8	5.61s  SH volume bake...	5013	1246872
1790891698	494.2	544196	8	5.61s  SH volume bake...	5023	1246872
1790891708	492.6	545172	8	5.61s  SH volume bake...	5033	1246872
1790891718	494.4	545532	8	5.61s  SH volume bake...	5043	1246872
1790891728	493.4	546276	8	5.61s  SH volume bake...	5053	1246872
1790891738	493.4	546768	8	5.61s  SH volume bake...	5063	1246872
1790891748	489.6	547260	8	5.61s  SH volume bake...	5073	1246872
1790891758	487.6	547860	8	5.61s  SH volume bake...	5083	1246872
1790891768	494.2	548580	8	5.61s  SH volume bake...	5093	1246872
1790891778	492.3	549088	8	5.61s  SH volume bake...	5103	1246872
1790891788	488.2	552508	8	5.61s  SH volume bake...	5113	1246872
1790891798	495.5	553272	8	5.61s  SH volume bake...	5123	1246872
1790891808	495.0	554024	8	5.61s  SH volume bake...	5133	1246872
1790891818	495.0	555052	8	5.61s  SH volume bake...	5143	1246872
1790891828	487.0	555612	8	5.61s  SH volume bake...	5153	1246872
1790891838	491.5	556636	8	5.61s  SH volume bake...	5163	1246872
1790891848	495.4	557388	8	5.61s  SH volume bake...	5173	1246872
1790891858	493.0	557668	8	5.61s  SH volume bake...	5183	1246872
1790891868	493.3	558720	8	5.61s  SH volume bake...	5193	1246872
1790891878	491.2	559952	8	5.61s  SH volume bake...	5203	1246872
1790891888	491.8	560964	8	5.61s  SH volume bake...	5213	1246872
1790891898	493.4	561628	8	5.61s  SH volume bake...	5223	1246872
1790891908	487.5	562424	8	5.61s  SH volume bake...	5233	1246872
1790891918	485.5	563964	8	5.61s  SH volume bake...	5243	1246872
1790891928	493.6	565244	8	5.61s  SH volume bake...	5253	1246872
1790891939	495.4	566204	8	5.61s  SH volume bake...	5263	1246872
1790891949	492.2	567248	8	5.61s  SH volume bake...	5273	1246872
1790891959	495.9	568328	8	5.61s  SH volume bake...	5283	1246872
1790891969	494.7	569132	8	5.61s  SH volume bake...	5293	1246872
1790891979	491.2	570184	8	5.61s  SH volume bake...	5303	1246872
1790891989	493.0	571112	8	5.61s  SH volume bake...	5314	1246872
1790891999	491.8	572188	8	5.61s  SH volume bake...	5324	1246872
1790892009	492.7	572916	8	5.61s  SH volume bake...	5334	1246872
1790892019	493.6	573696	8	5.61s  SH volume bake...	5344	1246872
1790892029	492.4	575392	8	5.61s  SH volume bake...	5354	1246872
1790892039	494.4	576040	8	5.61s  SH volume bake...	5364	1246872
1790892049	489.1	577164	8	5.61s  SH volume bake...	5374	1246872
1790892059	489.6	578108	8	5.61s  SH volume bake...	5384	1246872
1790892069	492.6	579172	8	5.61s  SH volume bake...	5394	1246872
1790892079	491.2	580996	8	5.61s  SH volume bake...	5404	1246872
1790892089	493.0	583592	8	5.61s  SH volume bake...	5414	1246872
1790892099	495.5	584432	8	5.61s  SH volume bake...	5424	1246872
1790892109	493.7	585472	8	5.61s  SH volume bake...	5434	1246872
1790892119	496.0	586232	8	5.61s  SH volume bake...	5444	1246872
1790892129	489.0	587264	8	5.61s  SH volume bake...	5454	1246872
1790892139	487.3	588052	8	5.61s  SH volume bake...	5464	1246872
1790892149	491.2	589256	8	5.61s  SH volume bake...	5474	1246872
1790892159	490.8	589772	8	5.61s  SH volume bake...	5484	1246872
1790892169	494.6	590312	8	5.61s  SH volume bake...	5494	1246872
1790892179	486.3	591232	8	5.61s  SH volume bake...	5504	1246872
1790892189	494.5	592216	8	5.61s  SH volume bake...	5514	1246872
1790892199	492.1	592720	8	5.61s  SH volume bake...	5524	1246872
1790892209	492.1	593468	8	5.61s  SH volume bake...	5534	1246872
1790892219	486.3	593984	8	5.61s  SH volume bake...	5544	1246872
1790892229	489.6	596192	8	5.61s  SH volume bake...	5554	1246872
1790892239	495.1	597784	8	5.61s  SH volume bake...	5564	1246872
1790892249	495.3	598356	8	5.61s  SH volume bake...	5574	1246872
1790892259	495.7	599124	8	5.61s  SH volume bake...	5584	1246872
1790892269	495.2	600600	8	5.61s  SH volume bake...	5594	1246872
1790892279	493.7	601448	8	5.61s  SH volume bake...	5604	1246872
1790892289	488.3	601928	8	5.61s  SH volume bake...	5614	1246872
1790892299	490.6	602952	8	5.61s  SH volume bake...	5624	1246872
1790892309	491.6	603724	8	5.61s  SH volume bake...	5634	1246872
1790892319	493.1	604088	8	5.61s  SH volume bake...	5644	1246872
1790892329	491.8	604268	8	5.61s  SH volume bake...	5654	1246872
1790892339	492.1	606688	8	5.61s  SH volume bake...	5664	1246872
1790892349	497.3	607176	8	5.61s  SH volume bake...	5674	1246872
1790892359	494.4	607688	8	5.61s  SH volume bake...	5684	1246872
1790892370	491.0	608444	8	5.61s  SH volume bake...	5694	1246872
1790892380	492.8	609740	8	5.61s  SH volume bake...	5704	1246872
1790892390	494.1	610260	8	5.61s  SH volume bake...	5714	1246872
1790892400	494.9	610728	8	5.61s  SH volume bake...	5724	1246872
1790892410	489.6	611088	8	5.61s  SH volume bake...	5734	1246872
1790892420	490.7	612568	8	5.61s  SH volume bake...	5744	1246872
1790892430	492.6	613280	8	5.61s  SH volume bake...	5754	1246872
1790892440	472.4	613500	8	5.61s  SH volume bake...	5764	1246872
1790892450	490.6	614152	8	5.61s  SH volume bake...	5775	1246872
1790892460	486.1	614892	8	5.61s  SH volume bake...	5785	1246872
1790892470	485.1	616144	8	5.61s  SH volume bake...	5795	1246872
1790892480	487.9	616908	8	5.61s  SH volume bake...	5805	1246872
1790892490	490.6	617396	8	5.61s  SH volume bake...	5815	1246872
1790892500	478.8	618684	8	5.61s  SH volume bake...	5825	1246872
1790892510	482.0	619212	8	5.61s  SH volume bake...	5835	1246872
1790892520	473.3	620524	8	5.61s  SH volume bake...	5845	1246872
1790892530	480.6	621044	8	5.61s  SH volume bake...	5855	1246872
1790892540	483.4	622384	8	5.61s  SH volume bake...	5865	1246872
1790892550	486.4	623308	8	5.61s  SH volume bake...	5875	1246872
1790892560	489.3	623696	8	5.61s  SH volume bake...	5885	1246872
1790892570	490.4	624468	8	5.61s  SH volume bake...	5895	1246872
1790892580	483.1	624944	8	5.61s  SH volume bake...	5905	1246872
1790892590	479.3	625984	8	5.61s  SH volume bake...	5915	1246872
1790892600	479.1	626812	8	5.61s  SH volume bake...	5925	1246872
1790892610	476.3	628044	8	5.61s  SH volume bake...	5935	1246872
1790892620	483.9	629096	8	5.61s  SH volume bake...	5945	1246872
1790892630	492.6	629592	8	5.61s  SH volume bake...	5955	1246872
1790892640	486.4	630512	8	5.61s  SH volume bake...	5965	1246872
1790892650	482.3	631432	8	5.61s  SH volume bake...	5975	1246872
1790892660	483.3	632184	8	5.61s  SH volume bake...	5985	1246872
1790892670	471.7	633472	8	5.61s  SH volume bake...	5995	1246872
1790892680	477.5	633956	8	5.61s  SH volume bake...	6005	1246872
1790892690	480.8	634184	8	5.61s  SH volume bake...	6015	1246872
1790892700	485.4	635476	8	5.61s  SH volume bake...	6025	1246872
1790892710	492.5	635856	8	5.61s  SH volume bake...	6035	1246872
1790892720	488.6	636828	8	5.61s  SH volume bake...	6045	1246872
1790892730	485.9	639408	8	5.61s  SH volume bake...	6055	1246872
1790892740	479.5	641556	8	5.61s  SH volume bake...	6065	1246872
1790892750	474.3	642080	8	5.61s  SH volume bake...	6075	1246872
1790892760	479.7	643540	8	5.61s  SH volume bake...	6085	1246872
1790892770	484.0	643876	8	5.61s  SH volume bake...	6095	1246872
1790892780	489.3	644624	8	5.61s  SH volume bake...	6105	1246872
1790892790	492.0	645028	8	5.61s  SH volume bake...	6115	1246872
1790892800	488.3	645816	8	5.61s  SH volume bake...	6125	1246872
1790892811	481.7	647156	8	5.61s  SH volume bake...	6135	1246872
1790892821	478.9	647412	8	5.61s  SH volume bake...	6145	1246872
1790892831	478.1	648480	8	5.61s  SH volume bake...	6155	1246872
1790892841	482.4	649244	8	5.61s  SH volume bake...	6165	1246872
1790892851	485.5	649844	8	5.61s  SH volume bake...	6175	1246872
1790892861	487.1	651548	8	5.61s  SH volume bake...	6185	1246872
1790892871	485.7	652276	8	5.61s  SH volume bake...	6195	1246872
1790892881	468.3	652380	8	5.61s  SH volume bake...	6206	1246872
1790892891	467.8	653136	8	5.61s  SH volume bake...	6216	1246872
1790892901	471.6	654124	8	5.61s  SH volume bake...	6226	1246872
1790892912	465.2	654504	8	5.61s  SH volume bake...	6236	1246872
1790892922	297.3	654828	8	5.61s  SH volume bake...	6246	1246872
1790892932	435.4	656140	8	5.61s  SH volume bake...	6256	1246872
1790892942	416.8	656620	8	5.61s  SH volume bake...	6266	1246872
1790892952	371.1	657144	8	5.61s  SH volume bake...	6277	1246872
1790892962	406.6	658468	8	5.61s  SH volume bake...	6287	1246872
1790892972	447.9	659260	8	5.61s  SH volume bake...	6297	1246872
1790892982	460.2	659772	8	5.61s  SH volume bake...	6307	1246872
1790892993	313.8	661524	8	5.61s  SH volume bake...	6317	1246872
1790893003	416.4	662304	8	5.61s  SH volume bake...	6327	1246872
1790893013	460.0	663068	8	5.61s  SH volume bake...	6337	1246872
1790893023	456.4	664416	8	5.61s  SH volume bake...	6347	1246872
1790893033	460.6	665184	8	5.61s  SH volume bake...	6358	1246872
1790893043	449.9	665876	8	5.61s  SH volume bake...	6368	1246872
1790893053	468.5	666220	8	5.61s  SH volume bake...	6378	1246872
1790893063	423.9	667516	8	5.61s  SH volume bake...	6388	1246872
1790893073	458.7	667876	8	5.61s  SH volume bake...	6398	1246872
1790893083	442.1	668392	8	5.61s  SH volume bake...	6408	1246872
1790893093	412.3	668620	8	5.61s  SH volume bake...	6418	1246872
1790893103	162.7	669108	8	5.61s  SH volume bake...	6428	1246872
1790893115	317.7	670244	8	5.61s  SH volume bake...	6438	1246872
1790893125	275.4	670704	8	5.61s  SH volume bake...	6450	1246872
1790893135	460.6	671076	8	5.61s  SH volume bake...	6460	1246872
1790893145	463.6	671440	8	5.61s  SH volume bake...	6470	1246872
1790893155	437.4	673724	8	5.61s  SH volume bake...	6480	1246872
1790893165	477.4	677112	8	5.61s  SH volume bake...	6490	1246872
1790893175	485.9	677500	8	5.61s  SH volume bake...	6500	1246872
1790893185	481.7	678516	8	5.61s  SH volume bake...	6510	1246872
1790893196	455.7	679784	8	5.61s  SH volume bake...	6520	1246872
1790893206	377.2	681540	8	5.61s  SH volume bake...	6530	1246872
1790893216	484.6	682812	8	5.61s  SH volume bake...	6540	1246872
1790893226	485.0	683448	8	5.61s  SH volume bake...	6550	1246872
1790893236	490.3	684100	8	5.61s  SH volume bake...	6560	1246872
1790893246	488.4	685152	8	5.61s  SH volume bake...	6571	1246872
1790893256	489.3	685516	8	5.61s  SH volume bake...	6581	1246872
1790893266	483.0	688064	8	5.61s  SH volume bake...	6591	1246872
1790893276	478.2	688608	8	5.61s  SH volume bake...	6601	1246872
1790893286	479.1	689796	8	5.61s  SH volume bake...	6611	1246872
1790893296	481.4	690192	8	5.61s  SH volume bake...	6621	1246872
1790893306	485.9	691932	8	5.61s  SH volume bake...	6631	1246872
1790893316	493.3	692476	8	5.61s  SH volume bake...	6641	1246872
1790893326	488.6	693520	8	5.61s  SH volume bake...	6651	1246872
1790893336	485.9	694448	8	5.61s  SH volume bake...	6661	1246872
1790893346	481.0	698936	8	5.61s  SH volume bake...	6671	1246872
1790893356	478.1	700416	8	5.61s  SH volume bake...	6681	1246872
1790893366	481.8	701564	8	5.61s  SH volume bake...	6691	1246872
1790893376	483.0	702320	8	5.61s  SH volume bake...	6701	1246872
1790893386	489.8	703108	8	5.61s  SH volume bake...	6711	1246872
1790893396	491.1	703608	8	5.61s  SH volume bake...	6721	1246872
1790893406	491.4	704588	8	5.61s  SH volume bake...	6731	1246872
1790893416	480.5	705136	8	5.61s  SH volume bake...	6741	1246872
1790893426	471.3	709124	8	5.61s  SH volume bake...	6751	1246872
1790893436	475.9	711376	8	5.61s  SH volume bake...	6761	1246872
1790893446	478.9	711876	8	5.61s  SH volume bake...	6771	1246872
1790893456	483.9	712668	8	5.61s  SH volume bake...	6781	1246872
1790893466	485.7	713536	8	5.61s  SH volume bake...	6791	1246872
1790893476	481.2	713760	8	5.61s  SH volume bake...	6801	1246872
1790893486	483.5	714524	8	5.61s  SH volume bake...	6811	1246872
1790893496	481.2	715560	8	5.61s  SH volume bake...	6821	1246872
1790893506	471.8	715780	8	5.61s  SH volume bake...	6831	1246872
1790893516	476.4	716396	8	5.61s  SH volume bake...	6841	1246872
1790893526	481.9	717404	8	5.61s  SH volume bake...	6851	1246872
1790893536	486.2	717616	8	5.61s  SH volume bake...	6861	1246872
1790893546	490.4	717980	8	5.61s  SH volume bake...	6871	1246872
1790893556	487.2	718992	8	5.61s  SH volume bake...	6881	1246872
1790893566	479.9	719784	8	5.61s  SH volume bake...	6891	1246872
1790893576	478.3	720952	8	5.61s  SH volume bake...	6901	1246872
1790893586	476.4	721452	8	5.61s  SH volume bake...	6911	1246872
1790893596	480.3	721820	8	5.61s  SH volume bake...	6921	1246872
1790893607	481.4	723052	8	5.61s  SH volume bake...	6931	1246872
1790893617	491.6	723660	8	5.61s  SH volume bake...	6941	1246872
1790893627	470.7	724136	8	5.61s  SH volume bake...	6951	1246872
1790893637	484.7	724880	8	5.61s  SH volume bake...	6961	1246872
1790893647	483.7	725196	8	5.61s  SH volume bake...	6971	1246872
1790893657	475.0	727988	8	5.61s  SH volume bake...	6981	1246872
1790893667	482.3	728468	8	5.61s  SH volume bake...	6991	1246872
1790893677	485.8	729092	8	5.61s  SH volume bake...	7002	1246872
1790893687	486.7	729840	8	5.61s  SH volume bake...	7012	1246872
1790893697	490.4	730572	8	5.61s  SH volume bake...	7022	1246872
1790893707	493.2	730808	8	5.61s  SH volume bake...	7032	1246872
1790893717	484.4	731156	8	5.61s  SH volume bake...	7042	1246872
1790893727	479.7	732156	8	5.61s  SH volume bake...	7052	1246872
1790893737	476.4	732636	8	5.61s  SH volume bake...	7062	1246872
1790893747	479.8	733772	8	5.61s  SH volume bake...	7072	1246872
1790893757	484.8	734532	8	5.61s  SH volume bake...	7082	1246872
1790893767	492.8	734996	8	5.61s  SH volume bake...	7092	1246872
1790893777	484.1	738480	8	5.61s  SH volume bake...	7102	1246872
1790893787	490.0	739120	8	5.61s  SH volume bake...	7112	1246872
1790893797	487.6	739356	8	5.61s  SH volume bake...	7122	1246872
1790893807	472.7	740516	8	5.61s  SH volume bake...	7132	1246872
1790893817	483.5	741004	8	5.61s  SH volume bake...	7142	1246872
1790893827	481.2	742064	8	5.61s  SH volume bake...	7152	1246872
1790893837	486.5	742568	8	5.61s  SH volume bake...	7162	1246872
1790893847	489.8	743060	8	5.61s  SH volume bake...	7172	1246872
1790893857	488.1	744104	8	5.61s  SH volume bake...	7182	1246872
1790893867	484.7	745132	8	5.61s  SH volume bake...	7192	1246872
1790893877	479.0	745196	8	5.61s  SH volume bake...	7202	1246872
1790893887	470.7	745660	8	5.61s  SH volume bake...	7212	1246872
1790893897	476.1	745884	8	5.61s  SH volume bake...	7222	1246872
1790893907	482.5	747008	8	5.61s  SH volume bake...	7232	1246872
1790893917	487.7	747484	8	5.61s  SH volume bake...	7242	1246872
1790893927	486.9	747680	8	5.61s  SH volume bake...	7252	1246872
1790893937	487.9	748020	8	5.61s  SH volume bake...	7262	1246872
1790893947	487.3	749008	8	5.61s  SH volume bake...	7272	1246872
1790893957	479.3	749240	8	5.61s  SH volume bake...	7282	1246872
1790893967	470.2	752888	8	5.61s  SH volume bake...	7292	1246872
1790893977	481.3	753260	8	5.61s  SH volume bake...	7302	1246872
1790893987	481.2	754540	8	5.61s  SH volume bake...	7312	1246872
1790893997	490.4	755044	8	5.61s  SH volume bake...	7322	1246872
1790894007	489.0	755548	8	5.61s  SH volume bake...	7332	1246872
1790894017	483.7	756012	8	5.61s  SH volume bake...	7342	1246872
1790894027	484.9	756608	8	5.61s  SH volume bake...	7352	1246872
1790894037	481.0	757068	8	5.61s  SH volume bake...	7362	1246872
1790894048	480.5	757276	8	5.61s  SH volume bake...	7372	1246872
1790894058	483.6	758404	8	5.61s  SH volume bake...	7382	1246872
1790894068	490.1	758872	8	5.61s  SH volume bake...	7392	1246872
1790894078	489.5	759224	8	5.61s  SH volume bake...	7402	1246872
1790894088	488.2	760108	8	5.61s  SH volume bake...	7412	1246872
1790894098	484.4	760840	8	5.61s  SH volume bake...	7422	1246872
1790894108	480.4	760928	8	5.61s  SH volume bake...	7433	1246872
1790894118	471.2	764280	8	5.61s  SH volume bake...	7443	1246872
1790894128	481.8	764948	8	5.61s  SH volume bake...	7453	1246872
1790894138	486.4	766688	8	5.61s  SH volume bake...	7463	1246872
1790894148	491.7	767488	8	5.61s  SH volume bake...	7473	1246872
1790894158	490.9	767996	8	5.61s  SH volume bake...	7483	1246872
1790894168	484.8	768624	8	5.61s  SH volume bake...	7493	1246872
1790894178	484.6	769828	8	5.61s  SH volume bake...	7503	1246872
1790894188	463.3	772812	8	5.61s  SH volume bake...	7513	1246872
1790894198	478.1	774008	8	5.61s  SH volume bake...	7523	1246872
1790894208	483.1	775072	8	5.61s  SH volume bake...	7533	1246872
1790894218	488.7	775616	8	5.61s  SH volume bake...	7543	1246872
1790894228	487.4	778532	8	5.61s  SH volume bake...	7553	1246872
1790894238	488.2	779688	8	5.61s  SH volume bake...	7563	1246872
1790894248	476.2	780340	8	5.61s  SH volume bake...	7573	1246872
1790894258	477.5	780996	8	5.61s  SH volume bake...	7583	1246872
1790894268	473.6	782024	8	5.61s  SH volume bake...	7593	1246872
1790894278	478.4	783880	8	5.61s  SH volume bake...	7603	1246872
1790894288	471.9	784996	8	5.61s  SH volume bake...	7613	1246872
1790894298	458.1	785776	8	5.61s  SH volume bake...	7623	1246872
1790894308	462.4	786564	8	5.61s  SH volume bake...	7633	1246872
1790894318	451.8	787656	8	5.61s  SH volume bake...	7643	1246872
1790894330	305.4	788388	8	5.61s  SH volume bake...	7653	1246872
1790894340	232.2	788892	8	5.61s  SH volume bake...	7665	1246872
1790894351	375.6	789480	8	5.61s  SH volume bake...	7675	1246872
1790894362	268.2	790224	8	5.61s  SH volume bake...	7686	1246872
1790894372	446.6	790484	8	5.61s  SH volume bake...	7696	1246872
1790894382	486.0	794332	8	5.61s  SH volume bake...	7706	1246872
1790894392	482.6	797720	8	5.61s  SH volume bake...	7716	1246872
1790894402	482.9	798464	8	5.61s  SH volume bake...	7726	1246872
1790894412	476.9	798948	8	5.61s  SH volume bake...	7736	1246872
1790894422	481.0	799964	8	5.61s  SH volume bake...	7746	1246872
1790894432	482.2	800312	8	5.61s  SH volume bake...	7757	1246872
1790894442	489.3	801412	8	5.61s  SH volume bake...	7767	1246872
1790894452	491.2	801808	8	5.61s  SH volume bake...	7777	1246872
1790894462	491.0	802580	8	5.61s  SH volume bake...	7787	1246872
1790894472	486.4	803076	8	5.61s  SH volume bake...	7797	1246872
1790894482	483.0	804416	8	5.61s  SH volume bake...	7807	1246872
1790894492	475.1	805452	8	5.61s  SH volume bake...	7817	1246872
1790894502	481.7	805696	8	5.61s  SH volume bake...	7827	1246872
1790894512	486.4	806580	8	5.61s  SH volume bake...	7837	1246872
1790894522	493.0	807032	8	5.61s  SH volume bake...	7847	1246872
1790894532	490.6	808332	8	5.61s  SH volume bake...	7857	1246872
1790894542	487.4	809128	8	5.61s  SH volume bake...	7867	1246872
1790894552	484.0	809940	8	5.61s  SH volume bake...	7877	1246872
1790894562	468.8	813276	8	5.61s  SH volume bake...	7887	1246872
1790894572	471.4	815284	8	5.61s  SH volume bake...	7897	1246872
1790894582	477.1	817656	8	5.61s  SH volume bake...	7907	1246872
1790894592	483.0	819476	8	5.61s  SH volume bake...	7917	1246872
1790894602	489.4	819984	8	5.61s  SH volume bake...	7927	1246872
1790894612	486.4	820996	8	5.61s  SH volume bake...	7937	1246872
1790894622	476.8	821060	8	5.61s  SH volume bake...	7947	1246872
1790894632	475.8	822420	8	5.61s  SH volume bake...	7957	1246872
1790894642	473.9	822920	8	5.61s  SH volume bake...	7967	1246872
1790894652	475.9	823712	8	5.61s  SH volume bake...	7977	1246872
1790894662	485.4	824724	8	5.61s  SH volume bake...	7987	1246872
1790894672	492.5	825096	8	5.61s  SH volume bake...	7997	1246872
1790894682	496.1	825616	8	5.61s  SH volume bake...	8007	1246872
1790894692	495.6	826836	8	5.61s  SH volume bake...	8017	1246872
1790894702	491.8	826960	8	5.61s  SH volume bake...	8027	1246872
1790894712	490.8	828208	8	5.61s  SH volume bake...	8037	1246872
1790894722	490.2	828424	8	5.61s  SH volume bake...	8047	1246872
1790894732	490.6	829312	8	5.61s  SH volume bake...	8057	1246872
1790894742	485.6	832148	8	5.61s  SH volume bake...	8067	1246872
1790894752	495.7	833476	8	5.61s  SH volume bake...	8077	1246872
1790894762	494.4	833712	8	5.61s  SH volume bake...	8087	1246872
1790894772	495.9	834464	8	5.61s  SH volume bake...	8097	1246872
1790894783	493.0	834940	8	5.61s  SH volume bake...	8107	1246872
1790894793	483.2	836332	8	5.61s  SH volume bake...	8117	1246872
1790894803	488.6	837408	8	5.61s  SH volume bake...	8127	1246872
1790894813	492.0	838416	8	5.61s  SH volume bake...	8138	1246872
1790894823	489.1	838928	8	5.61s  SH volume bake...	8148	1246872
1790894833	493.6	839932	8	5.61s  SH volume bake...	8158	1246872
1790894843	492.2	840944	8	5.61s  SH volume bake...	8168	1246872
1790894853	492.8	841692	8	5.61s  SH volume bake...	8178	1246872
1790894863	487.2	844664	8	5.61s  SH volume bake...	8188	1246872
1790894873	488.3	845412	8	5.61s  SH volume bake...	8198	1246872
1790894883	488.6	845928	8	5.61s  SH volume bake...	8208	1246872
1790894893	489.4	846948	8	5.61s  SH volume bake...	8218	1246872
1790894903	496.1	848120	8	5.61s  SH volume bake...	8228	1246872
1790894913	490.9	848912	8	5.61s  SH volume bake...	8238	1246872
1790894923	492.8	849536	8	5.61s  SH volume bake...	8248	1246872
1790894933	491.3	851004	8	5.61s  SH volume bake...	8258	1246872
1790894943	490.9	851528	8	5.61s  SH volume bake...	8268	1246872
1790894953	491.7	852300	8	5.61s  SH volume bake...	8278	1246872
1790894963	489.4	852904	8	5.61s  SH volume bake...	8288	1246872
1790894973	493.5	853680	8	5.61s  SH volume bake...	8298	1246872
1790894983	492.3	854168	8	5.61s  SH volume bake...	8308	1246872
1790894993	494.9	854968	8	5.61s  SH volume bake...	8318	1246872
1790895003	486.8	857784	8	5.61s  SH volume bake...	8328	1246872
1790895013	493.7	858696	8	5.61s  SH volume bake...	8338	1246872
1790895023	492.1	859204	8	5.61s  SH volume bake...	8348	1246872
1790895033	487.9	859720	8	5.61s  SH volume bake...	8358	1246872
1790895043	491.8	861924	8	5.61s  SH volume bake...	8368	1246872
1790895053	494.4	863292	8	5.61s  SH volume bake...	8378	1246872
1790895063	489.0	864100	8	5.61s  SH volume bake...	8388	1246872
1790895073	491.2	864324	8	5.61s  SH volume bake...	8398	1246872
1790895083	491.6	865392	8	5.61s  SH volume bake...	8408	1246872
1790895093	492.4	867104	8	5.61s  SH volume bake...	8418	1246872
1790895103	491.1	867192	8	5.61s  SH volume bake...	8428	1246872
1790895113	489.3	868136	8	5.61s  SH volume bake...	8438	1246872
1790895123	491.6	870036	8	5.61s  SH volume bake...	8448	1246872
1790895133	493.9	871360	8	5.61s  SH volume bake...	8458	1246872
1790895143	494.2	871592	8	5.61s  SH volume bake...	8468	1246872
1790895153	495.9	873160	8	5.61s  SH volume bake...	8478	1246872
1790895163	497.6	873388	8	5.61s  SH volume bake...	8488	1246872
1790895173	487.8	875200	8	5.61s  SH volume bake...	8498	1246872
1790895183	489.1	876204	8	5.61s  SH volume bake...	8508	1246872
1790895193	494.0	876968	8	5.61s  SH volume bake...	8518	1246872
1790895203	493.4	877460	8	5.61s  SH volume bake...	8528	1246872
1790895214	496.6	877828	8	5.61s  SH volume bake...	8538	1246872
1790895224	494.5	879108	8	5.61s  SH volume bake...	8548	1246872
1790895234	492.3	879332	8	5.61s  SH volume bake...	8558	1246872
1790895244	489.9	880340	8	5.61s  SH volume bake...	8568	1246872
1790895254	494.6	880412	8	5.61s  SH volume bake...	8579	1246872
1790895264	492.9	881476	8	5.61s  SH volume bake...	8589	1246872
1790895274	494.2	882248	8	5.61s  SH volume bake...	8599	1246872
1790895284	494.1	882760	8	5.61s  SH volume bake...	8609	1246872
1790895294	494.6	883804	8	5.61s  SH volume bake...	8619	1246872
1790895304	492.8	884520	8	5.61s  SH volume bake...	8629	1246872
1790895314	492.4	884740	8	5.61s  SH volume bake...	8639	1246872
1790895324	487.8	885112	8	5.61s  SH volume bake...	8649	1246872
1790895334	493.8	885312	8	5.61s  SH volume bake...	8659	1246872
1790895344	496.3	886592	8	5.61s  SH volume bake...	8669	1246872
1790895354	494.3	887064	8	5.61s  SH volume bake...	8679	1246872
1790895364	491.8	887144	8	5.61s  SH volume bake...	8689	1246872
1790895374	495.4	887884	8	5.61s  SH volume bake...	8699	1246872
1790895384	493.6	888856	8	5.61s  SH volume bake...	8709	1246872
1790895394	490.9	889212	8	5.61s  SH volume bake...	8719	1246872
1790895404	488.8	889668	8	5.61s  SH volume bake...	8729	1246872
1790895414	494.1	890016	8	5.61s  SH volume bake...	8739	1246872
1790895424	494.9	891276	8	5.61s  SH volume bake...	8749	1246872
1790895434	495.9	891476	8	5.61s  SH volume bake...	8759	1246872
1790895444	495.9	891804	8	5.61s  SH volume bake...	8769	1246872
1790895454	494.4	892008	8	5.61s  SH volume bake...	8779	1246872
1790895464	489.2	892852	8	5.61s  SH volume bake...	8789	1246872
1790895474	489.3	893300	8	5.61s  SH volume bake...	8799	1246872
1790895484	493.7	893652	8	5.61s  SH volume bake...	8809	1246872
1790895494	492.1	894660	8	5.61s  SH volume bake...	8819	1246872
1790895504	494.6	894868	8	5.61s  SH volume bake...	8829	1246872
1790895514	488.8	895472	8	5.61s  SH volume bake...	8839	1246872
1790895524	492.5	895960	8	5.61s  SH volume bake...	8849	1246872
1790895534	494.1	896720	8	5.61s  SH volume bake...	8859	1246872
1790895544	491.4	897192	8	5.61s  SH volume bake...	8869	1246872
1790895554	490.1	897952	8	5.61s  SH volume bake...	8879	1246872
1790895564	492.2	898328	8	5.61s  SH volume bake...	8889	1246872
1790895574	490.5	899084	8	5.61s  SH volume bake...	8899	1246872
1790895584	494.8	900404	8	5.61s  SH volume bake...	8909	1246872
1790895594	494.4	901176	8	5.61s  SH volume bake...	8919	1246872
1790895604	493.5	901972	8	5.61s  SH volume bake...	8929	1246872
1790895614	495.2	902484	8	5.61s  SH volume bake...	8939	1246872
1790895624	492.8	902972	8	5.61s  SH volume bake...	8949	1246872
1790895634	490.2	905616	8	5.61s  SH volume bake...	8959	1246872
1790895644	494.4	906088	8	5.61s  SH volume bake...	8969	1246872
1790895654	496.7	906884	8	5.61s  SH volume bake...	8979	1246872
1790895664	495.1	908168	8	5.61s  SH volume bake...	8989	1246872
1790895674	493.1	908524	8	5.61s  SH volume bake...	8999	1246872
1790895685	493.6	909412	8	5.61s  SH volume bake...	9009	1246872
1790895695	491.6	909660	8	5.61s  SH volume bake...	9019	1246872
1790895705	487.0	910812	8	5.61s  SH volume bake...	9029	1246872
1790895715	494.5	911704	8	5.61s  SH volume bake...	9039	1246872
1790895725	496.4	912356	8	5.61s  SH volume bake...	9049	1246872
1790895735	498.0	912560	8	5.61s  SH volume bake...	9059	1246872
1790895745	495.6	913300	8	5.61s  SH volume bake...	9069	1246872
1790895755	494.3	914040	8	5.61s  SH volume bake...	9080	1246872
1790895765	487.8	914420	8	5.61s  SH volume bake...	9090	1246872
1790895775	489.7	915712	8	5.61s  SH volume bake...	9100	1246872
1790895785	489.5	916196	8	5.61s  SH volume bake...	9110	1246872
1790895795	491.6	917232	8	5.61s  SH volume bake...	9120	1246872
1790895805	493.4	917736	8	5.61s  SH volume bake...	9130	1246872
1790895815	495.5	918352	8	5.61s  SH volume bake...	9140	1246872
1790895825	495.1	918824	8	5.61s  SH volume bake...	9150	1246872
1790895835	492.5	919824	8	5.61s  SH volume bake...	9160	1246872
1790895845	490.7	920036	8	5.61s  SH volume bake...	9170	1246872
1790895855	485.8	920644	8	5.61s  SH volume bake...	9180	1246872
1790895865	493.3	921148	8	5.61s  SH volume bake...	9190	1246872
1790895875	493.0	921656	8	5.61s  SH volume bake...	9200	1246872
1790895885	496.8	922968	8	5.61s  SH volume bake...	9210	1246872
1790895895	487.1	923216	8	5.61s  SH volume bake...	9220	1246872
1790895905	492.1	924208	8	5.61s  SH volume bake...	9230	1246872
1790895915	492.0	924948	8	5.61s  SH volume bake...	9240	1246872
1790895925	492.0	925064	8	5.61s  SH volume bake...	9250	1246872
1790895935	487.0	925804	8	5.61s  SH volume bake...	9260	1246872
1790895945	482.3	926284	8	5.61s  SH volume bake...	9270	1246872
1790895955	487.3	927072	8	5.61s  SH volume bake...	9280	1246872
1790895965	487.3	928864	8	5.61s  SH volume bake...	9290	1246872
1790895975	484.2	929380	8	5.61s  SH volume bake...	9300	1246872
1790895985	482.5	930720	8	5.61s  SH volume bake...	9310	1246872
1790895995	482.0	931228	8	5.61s  SH volume bake...	9320	1246872
1790896005	475.9	932776	8	5.61s  SH volume bake...	9330	1246872
1790896015	483.2	933564	8	5.61s  SH volume bake...	9340	1246872
1790896026	483.6	934860	8	5.61s  SH volume bake...	9350	1246872
1790896036	489.0	935400	8	5.61s  SH volume bake...	9360	1246872
1790896046	489.8	935936	8	5.61s  SH volume bake...	9370	1246872
1790896056	486.9	937488	8	5.61s  SH volume bake...	9380	1246872
1790896066	485.6	937996	8	5.61s  SH volume bake...	9390	1246872
1790896076	478.8	938792	8	5.61s  SH volume bake...	9400	1246872
1790896086	478.9	939324	8	5.61s  SH volume bake...	9411	1246872
1790896096	481.8	940328	8	5.61s  SH volume bake...	9421	1246872
1790896106	485.6	940840	8	5.61s  SH volume bake...	9431	1246872
1790896116	490.8	941592	8	5.61s  SH volume bake...	9441	1246872
1790896126	489.3	942380	8	5.61s  SH volume bake...	9451	1246872
1790896136	486.2	943148	8	5.61s  SH volume bake...	9461	1246872
1790896146	482.5	945308	8	5.61s  SH volume bake...	9471	1246872
1790896156	456.3	946068	8	5.61s  SH volume bake...	9481	1246872
1790896166	475.3	946792	8	5.61s  SH volume bake...	9491	1246872
1790896176	484.4	946900	8	5.61s  SH volume bake...	9501	1246872
1790896186	490.8	947636	8	5.61s  SH volume bake...	9511	1246872
1790896196	488.6	950236	8	5.61s  SH volume bake...	9521	1246872
1790896206	485.7	951020	8	5.61s  SH volume bake...	9531	1246872
1790896216	482.3	952036	8	5.61s  SH volume bake...	9541	1246872
1790896226	472.9	952548	8	5.61s  SH volume bake...	9551	1246872
1790896236	472.5	953336	8	5.61s  SH volume bake...	9561	1246872
1790896246	480.3	954408	8	5.61s  SH volume bake...	9571	1246872
1790896256	482.8	954892	8	5.61s  SH volume bake...	9581	1246872
1790896266	489.3	955900	8	5.61s  SH volume bake...	9591	1246872
1790896276	484.7	956160	8	5.61s  SH volume bake...	9601	1246872
1790896286	485.9	957188	8	5.61s  SH volume bake...	9611	1246872
1790896296	479.0	959248	8	5.61s  SH volume bake...	9621	1246872
1790896306	473.2	959364	8	5.61s  SH volume bake...	9631	1246872
1790896316	477.7	960284	8	5.61s  SH volume bake...	9641	1246872
1790896326	482.2	961152	8	5.61s  SH volume bake...	9651	1246872
1790896336	486.3	961356	8	5.61s  SH volume bake...	9661	1246872
1790896346	489.4	962648	8	5.61s  SH volume bake...	9671	1246872
1790896356	484.5	962988	8	5.61s  SH volume bake...	9681	1246872
1790896366	481.4	963224	8	5.61s  SH volume bake...	9691	1246872
1790896376	470.9	965544	8	5.61s  SH volume bake...	9701	1246872
1790896386	473.3	966272	8	5.61s  SH volume bake...	9711	1246872
1790896396	479.2	966668	8	5.61s  SH volume bake...	9721	1246872
1790896406	484.3	967164	8	5.61s  SH volume bake...	9731	1246872
1790896416	489.6	968408	8	5.61s  SH volume bake...	9741	1246872
1790896426	489.7	968644	8	5.61s  SH volume bake...	9751	1246872
1790896436	484.4	968984	8	5.61s  SH volume bake...	9761	1246872
1790896446	480.0	969728	8	5.61s  SH volume bake...	9771	1246872
1790896456	473.9	970728	8	5.61s  SH volume bake...	9781	1246872
1790896467	481.2	971208	8	5.61s  SH volume bake...	9791	1246872
1790896477	478.9	971584	8	5.61s  SH volume bake...	9801	1246872
1790896487	488.2	972352	8	5.61s  SH volume bake...	9811	1246872
1790896497	491.2	973116	8	5.61s  SH volume bake...	9821	1246872
1790896507	487.8	974144	8	5.61s  SH volume bake...	9832	1246872
1790896517	482.9	974372	8	5.61s  SH volume bake...	9842	1246872
1790896527	480.4	975116	8	5.61s  SH volume bake...	9852	1246872
1790896537	477.3	975476	8	5.61s  SH volume bake...	9862	1246872
1790896547	480.8	975964	8	5.61s  SH volume bake...	9872	1246872
1790896557	484.3	977460	8	5.61s  SH volume bake...	9882	1246872
1790896567	492.1	978068	8	5.61s  SH volume bake...	9892	1246872
1790896577	487.7	978564	8	5.61s  SH volume bake...	9902	1246872
1790896587	487.5	979060	8	5.61s  SH volume bake...	9912	1246872
1790896597	482.4	980836	8	5.61s  SH volume bake...	9922	1246872
1790896607	471.7	981196	8	5.61s  SH volume bake...	9932	1246872
1790896617	478.6	981840	8	5.61s  SH volume bake...	9942	1246872
1790896627	478.6	982732	8	5.61s  SH volume bake...	9952	1246872
1790896637	482.1	982940	8	5.61s  SH volume bake...	9962	1246872
1790896647	486.0	983844	8	5.61s  SH volume bake...	9972	1246872
1790896657	485.6	984480	8	5.61s  SH volume bake...	9982	1246872
1790896667	479.6	985220	8	5.61s  SH volume bake...	9992	1246872
1790896677	477.6	986300	8	5.61s  SH volume bake...	10002	1246872
1790896687	470.3	986792	8	5.61s  SH volume bake...	10012	1246872
1790896697	478.9	987524	8	5.61s  SH volume bake...	10022	1246872
1790896707	484.4	988304	8	5.61s  SH volume bake...	10032	1246872
1790896717	489.7	989368	8	5.61s  SH volume bake...	10042	1246872
1790896727	489.7	989880	8	5.61s  SH volume bake...	10052	1246872
1790896737	491.1	990608	8	5.61s  SH volume bake...	10062	1246872
1790896747	491.1	991640	8	5.61s  SH volume bake...	10072	1246872
1790896757	495.7	992396	8	5.61s  SH volume bake...	10082	1246872
1790896767	489.6	993164	8	5.61s  SH volume bake...	10092	1246872
1790896777	489.8	993276	8	5.61s  SH volume bake...	10102	1246872
1790896787	496.8	994284	8	5.61s  SH volume bake...	10112	1246872
1790896797	497.1	994792	8	5.61s  SH volume bake...	10122	1246872
1790896807	493.1	995536	8	5.61s  SH volume bake...	10132	1246872
1790896817	494.8	996016	8	5.61s  SH volume bake...	10142	1246872
1790896827	493.6	996112	8	5.61s  SH volume bake...	10152	1246872
1790896838	493.1	996844	8	5.61s  SH volume bake...	10162	1246872
1790896848	490.9	997724	8	5.61s  SH volume bake...	10172	1246872
1790896858	488.5	998220	8	5.61s  SH volume bake...	10182	1246872
1790896868	495.8	998964	8	5.61s  SH volume bake...	10192	1246872
1790896878	497.1	999056	8	5.61s  SH volume bake...	10203	1246872
1790896888	493.6	1000196	8	5.61s  SH volume bake...	10213	1246872
1790896898	494.5	1001272	8	5.61s  SH volume bake...	10223	1246872
1790896908	493.7	1001628	8	5.61s  SH volume bake...	10233	1246872
1790896918	492.0	1001828	8	5.61s  SH volume bake...	10243	1246872
1790896928	487.9	1002824	8	5.61s  SH volume bake...	10253	1246872
1790896938	495.5	1002916	8	5.61s  SH volume bake...	10263	1246872
1790896948	492.1	1003644	8	5.61s  SH volume bake...	10273	1246872
1790896958	492.6	1003964	8	5.61s  SH volume bake...	10283	1246872
1790896968	489.8	1007368	8	5.61s  SH volume bake...	10293	1246872
1790896978	489.1	1008284	8	5.61s  SH volume bake...	10303	1246872
1790896988	492.9	1008916	8	5.61s  SH volume bake...	10313	1246872
1790896998	486.1	1009172	8	5.61s  SH volume bake...	10323	1246872
1790897008	492.1	1010188	8	5.61s  SH volume bake...	10333	1246872
1790897018	494.4	1010536	8	5.61s  SH volume bake...	10343	1246872
1790897028	494.0	1011308	8	5.61s  SH volume bake...	10353	1246872
1790897038	490.8	1012316	8	5.61s  SH volume bake...	10363	1246872
1790897048	491.7	1012812	8	5.61s  SH volume bake...	10373	1246872
1790897058	495.9	1013564	8	5.61s  SH volume bake...	10383	1246872
1790897068	493.3	1013928	8	5.61s  SH volume bake...	10393	1246872
1790897078	491.5	1014896	8	5.61s  SH volume bake...	10403	1246872
1790897088	485.0	1015512	8	5.61s  SH volume bake...	10413	1246872
1790897098	494.3	1015756	8	5.61s  SH volume bake...	10423	1246872
1790897108	493.9	1016428	8	5.61s  SH volume bake...	10433	1246872
1790897118	495.6	1016636	8	5.61s  SH volume bake...	10443	1246872
1790897128	494.6	1017548	8	5.61s  SH volume bake...	10453	1246872
1790897138	492.6	1018280	8	5.61s  SH volume bake...	10463	1246872
1790897148	485.8	1019032	8	5.61s  SH volume bake...	10473	1246872
1790897158	486.3	1019852	8	5.61s  SH volume bake...	10483	1246872
1790897168	494.0	1020640	8	5.61s  SH volume bake...	10493	1246872
1790897178	487.9	1022148	8	5.61s  SH volume bake...	10503	1246872
1790897188	491.7	1022292	8	5.61s  SH volume bake...	10513	1246872
1790897198	494.6	1023752	8	5.61s  SH volume bake...	10523	1246872
1790897208	485.9	1026900	8	5.61s  SH volume bake...	10533	1246872
1790897218	491.2	1027920	8	5.61s  SH volume bake...	10543	1246872
1790897228	486.7	1028632	8	5.61s  SH volume bake...	10553	1246872
1790897238	491.9	1029788	8	5.61s  SH volume bake...	10563	1246872
1790897248	493.9	1030288	8	5.61s  SH volume bake...	10573	1246872
1790897258	496.2	1031060	8	5.61s  SH volume bake...	10583	1246872
1790897268	494.5	1032252	8	5.61s  SH volume bake...	10593	1246872
1790897278	494.4	1032624	8	5.61s  SH volume bake...	10603	1246872
1790897288	472.6	1033668	8	5.61s  SH volume bake...	10613	1246872
1790897298	470.5	1035160	8	5.61s  SH volume bake...	10623	1246872
1790897308	479.8	1036272	8	5.61s  SH volume bake...	10633	1246872
1790897319	482.6	1037340	8	5.61s  SH volume bake...	10643	1246872
1790897329	488.4	1038284	8	5.61s  SH volume bake...	10653	1246872
1790897339	491.5	1039176	8	5.61s  SH volume bake...	10663	1246872
1790897349	487.1	1039404	8	5.61s  SH volume bake...	10673	1246872
1790897359	485.8	1040580	8	5.61s  SH volume bake...	10683	1246872
1790897369	481.1	1040968	8	5.61s  SH volume bake...	10693	1246872
1790897379	475.6	1041996	8	5.61s  SH volume bake...	10704	1246872
1790897389	477.1	1042476	8	5.61s  SH volume bake...	10714	1246872
1790897399	485.2	1043532	8	5.61s  SH volume bake...	10724	1246872
1790897409	486.1	1043988	8	5.61s  SH volume bake...	10734	1246872
1790897419	487.6	1044752	8	5.61s  SH volume bake...	10744	1246872
1790897429	487.8	1045376	8	5.61s  SH volume bake...	10754	1246872
1790897439	486.7	1045844	8	5.61s  SH volume bake...	10764	1246872
1790897449	472.2	1046876	8	5.61s  SH volume bake...	10774	1246872
1790897459	478.4	1047000	8	5.61s  SH volume bake...	10784	1246872
1790897469	481.5	1048452	8	5.61s  SH volume bake...	10794	1246872
1790897479	489.5	1049080	8	5.61s  SH volume bake...	10804	1246872
1790897489	491.6	1049992	8	5.61s  SH volume bake...	10814	1246872
1790897499	495.3	1050380	8	5.61s  SH volume bake...	10824	1246872
1790897509	494.3	1051036	8	5.61s  SH volume bake...	10834	1246872
1790897519	489.8	1052336	8	5.61s  SH volume bake...	10844	1246872
1790897529	491.4	1052864	8	5.61s  SH volume bake...	10854	1246872
1790897539	489.1	1053612	8	5.61s  SH volume bake...	10864	1246872
1790897549	494.3	1054360	8	5.61s  SH volume bake...	10874	1246872
1790897559	495.2	1054708	8	5.61s  SH volume bake...	10884	1246872
1790897569	493.7	1055740	8	5.61s  SH volume bake...	10894	1246872
1790897579	493.9	1055988	8	5.61s  SH volume bake...	10904	1246872
1790897589	493.3	1057152	8	5.61s  SH volume bake...	10914	1246872
1790897599	488.3	1057848	8	5.61s  SH volume bake...	10924	1246872
1790897609	486.9	1058612	8	5.61s  SH volume bake...	10934	1246872
1790897619	489.0	1059680	8	5.61s  SH volume bake...	10944	1246872
1790897629	491.8	1060612	8	5.61s  SH volume bake...	10954	1246872
1790897639	493.7	1061280	8	5.61s  SH volume bake...	10964	1246872
1790897649	493.7	1062280	8	5.61s  SH volume bake...	10974	1246872
1790897659	492.8	1063028	8	5.61s  SH volume bake...	10984	1246872
1790897669	480.0	1063276	8	5.61s  SH volume bake...	10994	1246872
1790897679	473.0	1063740	8	5.61s  SH volume bake...	11004	1246872
1790897689	479.6	1064100	8	5.61s  SH volume bake...	11014	1246872
1790897699	483.7	1065400	8	5.61s  SH volume bake...	11024	1246872
1790897709	486.9	1066420	8	5.61s  SH volume bake...	11034	1246872
1790897719	490.4	1066620	8	5.61s  SH volume bake...	11044	1246872
1790897729	485.6	1066964	8	5.61s  SH volume bake...	11054	1246872
1790897740	484.2	1067732	8	5.61s  SH volume bake...	11064	1246872
1790897750	478.6	1068728	8	5.61s  SH volume bake...	11074	1246872
1790897760	472.1	1068936	8	5.61s  SH volume bake...	11084	1246872
1790897770	478.1	1069440	8	5.61s  SH volume bake...	11094	1246872
1790897780	485.3	1070336	8	5.61s  SH volume bake...	11104	1246872
1790897790	492.5	1071096	8	5.61s  SH volume bake...	11114	1246872
1790897800	485.1	1071580	8	5.61s  SH volume bake...	11125	1246872
1790897810	496.3	1072364	8	5.61s  SH volume bake...	11135	1246872
1790897820	493.3	1073120	8	5.61s  SH volume bake...	11145	1246872
1790897830	494.4	1073628	8	5.61s  SH volume bake...	11155	1246872
1790897840	484.5	1074384	8	5.61s  SH volume bake...	11165	1246872
1790897850	493.6	1075528	8	5.61s  SH volume bake...	11175	1246872
1790897860	496.3	1076512	8	5.61s  SH volume bake...	11185	1246872
1790897870	495.8	1076996	8	5.61s  SH volume bake...	11195	1246872
1790897880	496.1	1077772	8	5.61s  SH volume bake...	11205	1246872
1790897890	495.2	1078408	8	5.61s  SH volume bake...	11215	1246872
1790897900	492.8	1079464	8	5.61s  SH volume bake...	11225	1246872
1790897910	490.5	1079916	8	5.61s  SH volume bake...	11235	1246872
1790897920	481.5	1080676	8	5.61s  SH volume bake...	11245	1246872
1790897930	480.1	1081424	8	5.61s  SH volume bake...	11255	1246872
1790897940	489.0	1081804	8	5.61s  SH volume bake...	11265	1246872
1790897950	488.7	1082536	8	5.61s  SH volume bake...	11275	1246872
1790897960	483.2	1083300	8	5.61s  SH volume bake...	11285	1246872
1790897970	475.8	1083788	8	5.61s  SH volume bake...	11295	1246872
1790897980	473.9	1084528	8	5.61s  SH volume bake...	11305	1246872
1790897990	476.2	1085320	8	5.61s  SH volume bake...	11315	1246872
1790898000	477.8	1085704	8	5.61s  SH volume bake...	11325	1246872
1790898010	485.4	1087420	8	5.61s  SH volume bake...	11335	1246872
1790898020	476.0	1087688	8	5.61s  SH volume bake...	11345	1246872
1790898030	493.6	1088700	8	5.61s  SH volume bake...	11355	1246872
1790898040	495.3	1089760	8	5.61s  SH volume bake...	11365	1246872
1790898050	496.7	1090328	8	5.61s  SH volume bake...	11375	1246872
1790898060	492.7	1091516	8	5.61s  SH volume bake...	11385	1246872
1790898070	491.8	1092284	8	5.61s  SH volume bake...	11395	1246872
1790898080	493.2	1093332	8	5.61s  SH volume bake...	11405	1246872
1790898090	496.3	1093444	8	5.61s  SH volume bake...	11415	1246872
1790898100	496.0	1094456	8	5.61s  SH volume bake...	11425	1246872
1790898110	495.7	1095200	8	5.61s  SH volume bake...	11435	1246872
1790898120	491.0	1095456	8	5.61s  SH volume bake...	11445	1246872
1790898130	495.1	1096488	8	5.61s  SH volume bake...	11455	1246872
1790898140	489.6	1097028	8	5.61s  SH volume bake...	11465	1246872
1790898150	491.7	1098056	8	5.61s  SH volume bake...	11475	1246872
1790898160	494.0	1098828	8	5.61s  SH volume bake...	11485	1246872
1790898170	495.6	1099848	8	5.61s  SH volume bake...	11495	1246872
1790898181	492.1	1100624	8	5.61s  SH volume bake...	11505	1246872
1790898191	493.1	1101376	8	5.61s  SH volume bake...	11515	1246872
1790898201	496.3	1101604	8	5.61s  SH volume bake...	11525	1246872
1790898211	493.5	1102516	8	5.61s  SH volume bake...	11535	1246872
1790898221	308.0	628820	8	11541.32s  Delta SH volume bake...	11545	2284476
1790898231	376.2	662904	8	11541.32s  Delta SH volume bake...	11555	2284476
1790898241	415.1	689208	8	11541.32s  Delta SH volume bake...	11566	2284476
1790898251	407.8	708652	8	11541.32s  Delta SH volume bake...	11576	2284476
1790898261	440.8	728064	8	11541.32s  Delta SH volume bake...	11586	2284476
1790898271	455.8	744548	8	11541.32s  Delta SH volume bake...	11596	2284476
1790898281	449.7	762520	8	11541.32s  Delta SH volume bake...	11606	2284476
1790898291	451.8	778796	8	11541.32s  Delta SH volume bake...	11616	2284476
1790898301	430.4	792472	8	11541.32s  Delta SH volume bake...	11626	2284476
1790898311	467.1	805100	8	11541.32s  Delta SH volume bake...	11636	2284476
1790898321	471.7	818084	8	11541.32s  Delta SH volume bake...	11646	2284476
1790898331	464.9	833012	8	11541.32s  Delta SH volume bake...	11656	2284476
1790898341	463.2	848160	8	11541.32s  Delta SH volume bake...	11666	2284476
1790898351	453.5	865068	8	11541.32s  Delta SH volume bake...	11676	2284476
1790898361	475.3	877156	8	11541.32s  Delta SH volume bake...	11686	2284476
1790898371	362.6	1124244	8	11692.04s  Direct SH volume bake...	11696	2284476
1790898381	497.1	1586644	10	11692.04s  Direct SH volume bake...	11706	2284476
1790898391	195.4	3041476	10	11714.79s  Animated direct SH delta bake...	11716	3799832
1790898401	109.5	3104928	10	11714.79s  Animated direct SH delta bake...	11726	3799832
1790898411	98.2	3164784	10	11714.79s  Animated direct SH delta bake...	11736	3799832
1790898421	106.4	3227776	11	11739.65s  Direct SH delta volume bake...	11746	3799832
1790898431	100.5	3288748	11	11739.65s  Direct SH delta volume bake...	11756	3799832
1790898441	98.9	3349456	11	11739.65s  Direct SH delta volume bake...	11766	3799832
1790898451	99.4	3412032	11	11739.65s  Direct SH delta volume bake...	11776	3799832
1790898462	101.6	3475100	11	11739.65s  Direct SH delta volume bake...	11786	3799832
1790898472	98.8	3534360	9	11739.65s  Direct SH delta volume bake...	11796	3799832
1790898482	99.7	3591156	9	11739.65s  Direct SH delta volume bake...	11806	3799832
1790898492	81.3	3642588	9	11739.65s  Direct SH delta volume bake...	11816	3799832
1790898503	8.0	1797700	9	11739.65s  Direct SH delta volume bake...	11826	3799832
1790898513	4.4	1799052	9	11739.65s  Direct SH delta volume bake...	11838	3799832
1790898523	5.8	1800556	9	11739.65s  Direct SH delta volume bake...	11848	3799832
1790898533	6.7	1802880	9	11739.65s  Direct SH delta volume bake...	11858	3799832
1790898543	8.0	1804540	9	11739.65s  Direct SH delta volume bake...	11868	3799832
1790898553	5.6	1806648	9	11739.65s  Direct SH delta volume bake...	11878	3799832
1790898564	8.1	1808940	9	11739.65s  Direct SH delta volume bake...	11888	3799832
1790898575	5.2	1810912	9	11739.65s  Direct SH delta volume bake...	11898	3799832
1790898587	1.1	1811248	9	11739.65s  Direct SH delta volume bake...	11910	3799832
1790898598	0.5	1811604	9	11739.65s  Direct SH delta volume bake...	11922	3799832
1790898609	0.6	1811820	9	11739.65s  Direct SH delta volume bake...	11933	3799832
1790898619	87.1	1870060	9	11739.65s  Direct SH delta volume bake...	11944	3799832
1790898629	97.6	1930144	9	11739.65s  Direct SH delta volume bake...	11954	3799832
1790898639	101.5	1988088	9	11739.65s  Direct SH delta volume bake...	11964	3799832
1790898649	100.2	2052572	9	11739.65s  Direct SH delta volume bake...	11974	3799832
1790898659	99.3	2114992	9	11739.65s  Direct SH delta volume bake...	11984	3799832
1790898669	111.1	2175460	9	11739.65s  Direct SH delta volume bake...	11994	3799832
1790898679	105.6	2235020	9	11739.65s  Direct SH delta volume bake...	12004	3799832
1790898689	88.9	2292664	9	11739.65s  Direct SH delta volume bake...	12014	3799832
1790898699	85.4	2346772	9	11739.65s  Direct SH delta volume bake...	12024	3799832
1790898709	96.9	2406636	9	11739.65s  Direct SH delta volume bake...	12034	3799832
1790898719	101.4	2467408	9	11739.65s  Direct SH delta volume bake...	12044	3799832
1790898729	91.7	2521148	9	11739.65s  Direct SH delta volume bake...	12054	3799832
1790898739	94.7	1898464	7	11739.65s  Direct SH delta volume bake...	12064	3799832
1790898749	98.6	2081740	7	11739.65s  Direct SH delta volume bake...	12074	3799832
1790898759	122.3	767748	8	12082.08s  Billboard direct scatter bake...	12084	3799832
1790898769	501.7	1116856	8	12082.08s  Billboard direct scatter bake...	12094	3799832
1790898779	253.2	703944	8	12104.00s  Chunk light list bake...	12104	3799832
1790898789	418.4	701932	8	12105.95s  Cell residency set bake...	12114	3799832
1790898799	93.1	698120	9	12114.98s  Shadowmask atlas bake...	12124	3799832
1790898809	99.6	698272	9	12114.98s  Shadowmask atlas bake...	12134	3799832
1790898819	97.5	698336	9	12114.98s  Shadowmask atlas bake...	12144	3799832
1790898829	99.4	698464	9	12114.98s  Shadowmask atlas bake...	12154	3799832
1790898839	99.9	698528	9	12114.98s  Shadowmask atlas bake...	12164	3799832
1790898849	99.5	698656	9	12114.98s  Shadowmask atlas bake...	12174	3799832
1790898859	99.8	698720	9	12114.98s  Shadowmask atlas bake...	12184	3799832
1790898870	99.8	698788	9	12114.98s  Shadowmask atlas bake...	12194	3799832
1790898880	99.5	698916	9	12114.98s  Shadowmask atlas bake...	12204	3799832
1790898890	99.5	698980	9	12114.98s  Shadowmask atlas bake...	12214	3799832
1790898900	99.3	699108	9	12114.98s  Shadowmask atlas bake...	12224	3799832
1790898910	251.9	699316	9	12114.98s  Shadowmask atlas bake...	12234	3799832
1790898920	490.3	699376	9	12114.98s  Shadowmask atlas bake...	12244	3799832
1790898930	493.5	699376	9	12114.98s  Shadowmask atlas bake...	12254	3799832
1790898940	430.7	2402292	9	12114.98s  Shadowmask atlas bake...	12264	3799832
1790898950	99.1	2402520	9	12114.98s  Shadowmask atlas bake...	12274	3799832
1790898960	99.7	2402656	9	12114.98s  Shadowmask atlas bake...	12284	3799832
1790898970	99.4	2402720	9	12114.98s  Shadowmask atlas bake...	12294	3799832
1790898980	99.7	2402784	9	12114.98s  Shadowmask atlas bake...	12304	3799832
1790898990	98.9	2403052	9	12114.98s  Shadowmask atlas bake...	12315	3799832
1790899000	99.0	2403116	9	12114.98s  Shadowmask atlas bake...	12325	3799832
1790899010	99.2	2403244	9	12114.98s  Shadowmask atlas bake...	12335	3799832
1790899020	99.4	2403308	9	12114.98s  Shadowmask atlas bake...	12345	3799832
1790899030	99.1	2403372	9	12114.98s  Shadowmask atlas bake...	12355	3799832
1790899040	99.4	2403500	9	12114.98s  Shadowmask atlas bake...	12365	3799832
1790899050	99.0	2403564	9	12114.98s  Shadowmask atlas bake...	12375	3799832
1790899060	98.9	2403628	9	12114.98s  Shadowmask atlas bake...	12385	3799832
1790899070	99.7	2403756	9	12114.98s  Shadowmask atlas bake...	12395	3799832
1790899080	99.3	2403820	9	12114.98s  Shadowmask atlas bake...	12405	3799832
1790899090	100.1	2403884	9	12114.98s  Shadowmask atlas bake...	12415	3799832
1790899100	99.3	2404012	9	12114.98s  Shadowmask atlas bake...	12425	3799832
1790899110	99.5	2404076	9	12114.98s  Shadowmask atlas bake...	12435	3799832
1790899120	99.0	2404204	9	12114.98s  Shadowmask atlas bake...	12445	3799832
1790899130	98.1	2404268	9	12114.98s  Shadowmask atlas bake...	12455	3799832
1790899140	99.3	2404332	9	12114.98s  Shadowmask atlas bake...	12465	3799832
1790899150	99.3	2404460	9	12114.98s  Shadowmask atlas bake...	12475	3799832
1790899160	99.0	2404524	9	12114.98s  Shadowmask atlas bake...	12485	3799832
1790899170	99.8	2404584	9	12114.98s  Shadowmask atlas bake...	12495	3799832
1790899180	99.8	2404716	9	12114.98s  Shadowmask atlas bake...	12505	3799832
1790899190	99.3	2404780	9	12114.98s  Shadowmask atlas bake...	12515	3799832
1790899200	99.2	2404908	9	12114.98s  Shadowmask atlas bake...	12525	3799832
1790899210	99.2	2404972	9	12114.98s  Shadowmask atlas bake...	12535	3799832
1790899220	99.5	2405024	9	12114.98s  Shadowmask atlas bake...	12545	3799832
1790899230	363.7	2589840	9	12114.98s  Shadowmask atlas bake...	12555	3799832
1790899240	364.1	2603216	9	12114.98s  Shadowmask atlas bake...	12565	3799832
1790899250	300.5	2629148	9	12114.98s  Shadowmask atlas bake...	12575	3799832
1790899260	292.4	2622380	9	12114.98s  Shadowmask atlas bake...	12585	3799832
1790899270	318.4	2622372	9	12114.98s  Shadowmask atlas bake...	12595	3799832
1790899280	321.2	2576788	9	12114.98s  Shadowmask atlas bake...	12605	3799832
1790899290	377.7	2606124	9	12114.98s  Shadowmask atlas bake...	12615	3799832
1790899300	395.1	2622432	9	12114.98s  Shadowmask atlas bake...	12625	3799832
1790899310	316.0	2645360	9	12114.98s  Shadowmask atlas bake...	12635	3799832
1790899320	372.3	2637988	9	12114.98s  Shadowmask atlas bake...	12645	3799832
1790899330	333.1	2637132	9	12114.98s  Shadowmask atlas bake...	12655	3799832
1790899340	337.3	2534548	9	12114.98s  Shadowmask atlas bake...	12665	3799832
1790899350	359.4	2606108	9	12114.98s  Shadowmask atlas bake...	12675	3799832
1790899360	364.8	2632456	9	12114.98s  Shadowmask atlas bake...	12685	3799832
1790899370	263.9	2624692	9	12114.98s  Shadowmask atlas bake...	12695	3799832
1790899380	325.0	2629632	9	12114.98s  Shadowmask atlas bake...	12705	3799832
1790899390	362.1	2539856	9	12114.98s  Shadowmask atlas bake...	12715	3799832
1790899400	377.0	2483400	9	12114.98s  Shadowmask atlas bake...	12725	3799832
1790899410	352.2	2485228	9	12114.98s  Shadowmask atlas bake...	12735	3799832
1790899420	301.2	2529144	9	12114.98s  Shadowmask atlas bake...	12745	3799832
1790899430	365.5	2528440	9	12114.98s  Shadowmask atlas bake...	12755	3799832
1790899440	332.9	2514572	9	12114.98s  Shadowmask atlas bake...	12765	3799832
1790899450	350.5	2514044	9	12114.98s  Shadowmask atlas bake...	12775	3799832
1790899460	338.7	2517228	9	12114.98s  Shadowmask atlas bake...	12785	3799832
1790899470	369.2	2518288	9	12114.98s  Shadowmask atlas bake...	12795	3799832
1790899480	307.4	2521940	9	12114.98s  Shadowmask atlas bake...	12805	3799832
1790899490	269.7	2531188	9	12114.98s  Shadowmask atlas bake...	12815	3799832
1790899500	308.0	2521800	9	12114.98s  Shadowmask atlas bake...	12825	3799832
1790899510	288.8	2481188	9	12114.98s  Shadowmask atlas bake...	12835	3799832
1790899520	385.5	2494528	9	12114.98s  Shadowmask atlas bake...	12845	3799832
1790899530	374.0	2522348	9	12114.98s  Shadowmask atlas bake...	12855	3799832
1790899540	346.3	2535264	9	12114.98s  Shadowmask atlas bake...	12865	3799832
1790899550	323.7	2550112	9	12114.98s  Shadowmask atlas bake...	12875	3799832
1790899560	395.8	2547996	9	12114.98s  Shadowmask atlas bake...	12885	3799832
1790899570	373.0	2487880	9	12114.98s  Shadowmask atlas bake...	12895	3799832
1790899580	341.7	2520616	9	12114.98s  Shadowmask atlas bake...	12905	3799832
1790899590	336.1	2538276	9	12114.98s  Shadowmask atlas bake...	12915	3799832
1790899600	221.4	2533548	9	12114.98s  Shadowmask atlas bake...	12925	3799832
1790899610	302.8	2539304	9	12114.98s  Shadowmask atlas bake...	12935	3799832
1790899620	298.1	2491592	9	12114.98s  Shadowmask atlas bake...	12945	3799832
1790899630	379.4	2516408	9	12114.98s  Shadowmask atlas bake...	12955	3799832
1790899640	352.9	2549040	9	12114.98s  Shadowmask atlas bake...	12965	3799832
1790899650	274.7	2553972	9	12114.98s  Shadowmask atlas bake...	12975	3799832
1790899660	314.7	2550484	9	12114.98s  Shadowmask atlas bake...	12985	3799832
1790899670	317.7	2560568	9	12114.98s  Shadowmask atlas bake...	12995	3799832
1790899680	358.3	2498872	9	12114.98s  Shadowmask atlas bake...	13005	3799832
1790899690	326.7	2536356	9	12114.98s  Shadowmask atlas bake...	13015	3799832
1790899700	343.4	2540756	9	12114.98s  Shadowmask atlas bake...	13025	3799832
1790899710	312.5	2536980	9	12114.98s  Shadowmask atlas bake...	13035	3799832
1790899721	303.7	2548444	9	12114.98s  Shadowmask atlas bake...	13045	3799832
1790899731	362.0	2510320	9	12114.98s  Shadowmask atlas bake...	13055	3799832
1790899741	356.9	2521868	9	12114.98s  Shadowmask atlas bake...	13065	3799832
1790899751	330.9	2548192	9	12114.98s  Shadowmask atlas bake...	13075	3799832
1790899761	360.3	2559092	9	12114.98s  Shadowmask atlas bake...	13085	3799832
1790899771	305.2	2567688	9	12114.98s  Shadowmask atlas bake...	13095	3799832
1790899781	379.3	2507840	9	12114.98s  Shadowmask atlas bake...	13105	3799832
1790899791	419.1	2540448	9	12114.98s  Shadowmask atlas bake...	13115	3799832
1790899801	409.9	2555812	9	12114.98s  Shadowmask atlas bake...	13125	3799832
1790899811	357.4	2565680	9	12114.98s  Shadowmask atlas bake...	13135	3799832
1790899821	256.6	2590144	9	12114.98s  Shadowmask atlas bake...	13145	3799832
1790899831	375.0	2509916	9	12114.98s  Shadowmask atlas bake...	13155	3799832
1790899841	331.0	2524540	9	12114.98s  Shadowmask atlas bake...	13166	3799832
1790899851	348.9	2552780	9	12114.98s  Shadowmask atlas bake...	13176	3799832
1790899861	279.1	2573080	9	12114.98s  Shadowmask atlas bake...	13186	3799832
1790899871	353.5	2514540	9	12114.98s  Shadowmask atlas bake...	13196	3799832
1790899881	374.3	2525484	9	12114.98s  Shadowmask atlas bake...	13206	3799832
1790899891	363.3	2550840	9	12114.98s  Shadowmask atlas bake...	13216	3799832
1790899901	331.6	2565140	9	12114.98s  Shadowmask atlas bake...	13226	3799832
1790899911	286.5	2569164	9	12114.98s  Shadowmask atlas bake...	13236	3799832
1790899921	382.6	2519704	9	12114.98s  Shadowmask atlas bake...	13246	3799832
1790899931	357.6	2537784	9	12114.98s  Shadowmask atlas bake...	13256	3799832
1790899941	320.1	2552208	9	12114.98s  Shadowmask atlas bake...	13266	3799832
1790899951	337.9	2579112	9	12114.98s  Shadowmask atlas bake...	13276	3799832
1790899961	285.9	2581612	9	12114.98s  Shadowmask atlas bake...	13286	3799832
1790899971	367.9	2525428	9	12114.98s  Shadowmask atlas bake...	13296	3799832
1790899981	383.3	2551524	9	12114.98s  Shadowmask atlas bake...	13306	3799832
1790899991	383.2	2579076	9	12114.98s  Shadowmask atlas bake...	13316	3799832
1790900001	315.5	2594648	9	12114.98s  Shadowmask atlas bake...	13326	3799832
1790900011	319.2	2593888	9	12114.98s  Shadowmask atlas bake...	13336	3799832
1790900021	318.3	2529872	9	12114.98s  Shadowmask atlas bake...	13346	3799832
1790900031	322.5	2550104	9	12114.98s  Shadowmask atlas bake...	13356	3799832
1790900041	358.9	2587720	9	12114.98s  Shadowmask atlas bake...	13366	3799832
1790900051	237.1	2579080	9	12114.98s  Shadowmask atlas bake...	13376	3799832
1790900061	304.8	2594968	9	12114.98s  Shadowmask atlas bake...	13386	3799832
1790900071	350.8	2541024	9	12114.98s  Shadowmask atlas bake...	13396	3799832
1790900081	339.1	2571172	9	12114.98s  Shadowmask atlas bake...	13406	3799832
1790900091	364.7	2601412	9	12114.98s  Shadowmask atlas bake...	13416	3799832
1790900101	293.4	2618684	9	12114.98s  Shadowmask atlas bake...	13426	3799832
1790900111	307.2	2596220	9	12114.98s  Shadowmask atlas bake...	13436	3799832
1790900121	348.4	2590264	9	12114.98s  Shadowmask atlas bake...	13446	3799832
1790900131	340.8	2560200	9	12114.98s  Shadowmask atlas bake...	13456	3799832
1790900141	376.5	2549608	9	12114.98s  Shadowmask atlas bake...	13466	3799832
1790900151	369.7	2582444	9	12114.98s  Shadowmask atlas bake...	13476	3799832
1790900161	340.5	2593472	9	12114.98s  Shadowmask atlas bake...	13486	3799832
1790900171	301.5	2571292	9	12114.98s  Shadowmask atlas bake...	13496	3799832
1790900181	328.8	2575552	9	12114.98s  Shadowmask atlas bake...	13506	3799832
1790900191	240.5	2582024	9	12114.98s  Shadowmask atlas bake...	13516	3799832
1790900201	310.1	2576244	9	12114.98s  Shadowmask atlas bake...	13526	3799832
1790900211	324.3	2560648	9	12114.98s  Shadowmask atlas bake...	13536	3799832
1790900221	371.6	2563596	9	12114.98s  Shadowmask atlas bake...	13546	3799832
1790900231	309.8	2570924	9	12114.98s  Shadowmask atlas bake...	13556	3799832
1790900241	285.3	2599976	9	12114.98s  Shadowmask atlas bake...	13566	3799832
1790900251	319.9	2610476	9	12114.98s  Shadowmask atlas bake...	13576	3799832
1790900261	350.3	2556000	9	12114.98s  Shadowmask atlas bake...	13586	3799832
1790900271	339.5	2587840	9	12114.98s  Shadowmask atlas bake...	13596	3799832
1790900281	379.3	2603452	9	12114.98s  Shadowmask atlas bake...	13606	3799832
1790900291	352.1	2611328	9	12114.98s  Shadowmask atlas bake...	13616	3799832
1790900301	321.4	2612608	9	12114.98s  Shadowmask atlas bake...	13626	3799832
1790900311	317.6	2622912	9	12114.98s  Shadowmask atlas bake...	13636	3799832
1790900321	344.5	2618880	9	12114.98s  Shadowmask atlas bake...	13646	3799832
1790900331	328.0	2611212	9	12114.98s  Shadowmask atlas bake...	13656	3799832
1790900341	399.4	2560792	9	12114.98s  Shadowmask atlas bake...	13666	3799832
1790900351	389.6	2597752	9	12114.98s  Shadowmask atlas bake...	13676	3799832
1790900361	324.8	2611972	9	12114.98s  Shadowmask atlas bake...	13686	3799832
1790900371	365.4	2613788	9	12114.98s  Shadowmask atlas bake...	13696	3799832
1790900381	364.6	2564972	9	12114.98s  Shadowmask atlas bake...	13706	3799832
1790900391	377.0	2565996	9	12114.98s  Shadowmask atlas bake...	13716	3799832
1790900402	383.9	2586648	10	12114.98s  Shadowmask atlas bake...	13726	3799832
1790900412	349.9	2609344	10	12114.98s  Shadowmask atlas bake...	13736	3799832
1790900422	319.7	2564316	10	12114.98s  Shadowmask atlas bake...	13746	3799832
1790900432	377.1	2575056	10	12114.98s  Shadowmask atlas bake...	13756	3799832
1790900442	366.2	2605352	10	12114.98s  Shadowmask atlas bake...	13766	3799832
1790900452	321.3	2578700	10	12114.98s  Shadowmask atlas bake...	13776	3799832
1790900462	173.0	2589060	10	12114.98s  Shadowmask atlas bake...	13786	3799832
1790900472	175.7	2595024	10	12114.98s  Shadowmask atlas bake...	13796	3799832
1790900482	179.1	2596336	9	12114.98s  Shadowmask atlas bake...	13806	3799832
1790900492	129.5	2600392	9	12114.98s  Shadowmask atlas bake...	13816	3799832
1790900502	161.9	2599064	9	12114.98s  Shadowmask atlas bake...	13826	3799832
1790900512	205.5	2633816	9	12114.98s  Shadowmask atlas bake...	13837	3799832
1790900522	239.2	2589892	9	12114.98s  Shadowmask atlas bake...	13847	3799832
1790900532	170.3	2616052	9	12114.98s  Shadowmask atlas bake...	13857	3799832
1790900542	223.2	2620032	9	12114.98s  Shadowmask atlas bake...	13867	3799832
1790900552	248.6	2620032	9	12114.98s  Shadowmask atlas bake...	13877	3799832
1790900562	189.4	2624204	9	12114.98s  Shadowmask atlas bake...	13887	3799832
1790900572	108.5	2625048	9	12114.98s  Shadowmask atlas bake...	13897	3799832
1790900582	200.6	2630276	9	12114.98s  Shadowmask atlas bake...	13907	3799832
1790900592	206.8	2627824	9	12114.98s  Shadowmask atlas bake...	13917	3799832
1790900602	250.8	2629104	9	12114.98s  Shadowmask atlas bake...	13927	3799832
1790900612	273.3	2645948	9	12114.98s  Shadowmask atlas bake...	13937	3799832
1790900622	261.6	2615376	9	12114.98s  Shadowmask atlas bake...	13947	3799832
1790900632	287.7	2618208	9	12114.98s  Shadowmask atlas bake...	13957	3799832
1790900642	248.8	2622472	9	12114.98s  Shadowmask atlas bake...	13967	3799832
1790900652	270.7	2608084	9	12114.98s  Shadowmask atlas bake...	13977	3799832
1790900662	155.3	2618376	9	12114.98s  Shadowmask atlas bake...	13987	3799832
1790900672	181.0	2619748	9	12114.98s  Shadowmask atlas bake...	13997	3799832
1790900682	134.5	2620240	9	12114.98s  Shadowmask atlas bake...	14007	3799832
1790900692	199.7	2624168	9	12114.98s  Shadowmask atlas bake...	14017	3799832
1790900702	197.4	2610264	9	12114.98s  Shadowmask atlas bake...	14027	3799832
1790900712	180.9	2627932	9	12114.98s  Shadowmask atlas bake...	14037	3799832
1790900722	222.9	2633108	9	12114.98s  Shadowmask atlas bake...	14047	3799832
1790900732	228.0	2633556	9	12114.98s  Shadowmask atlas bake...	14057	3799832
1790900742	174.8	2638020	9	12114.98s  Shadowmask atlas bake...	14067	3799832
1790900752	184.2	2637832	9	12114.98s  Shadowmask atlas bake...	14077	3799832
1790900762	233.0	2637836	9	12114.98s  Shadowmask atlas bake...	14087	3799832
1790900772	276.1	2650240	9	12114.98s  Shadowmask atlas bake...	14097	3799832
1790900782	264.6	2628656	9	12114.98s  Shadowmask atlas bake...	14107	3799832
1790900792	318.0	2656388	9	12114.98s  Shadowmask atlas bake...	14117	3799832
1790900802	329.4	2657160	9	12114.98s  Shadowmask atlas bake...	14127	3799832
1790900812	322.3	2661300	9	12114.98s  Shadowmask atlas bake...	14137	3799832
1790900822	296.4	2663264	9	12114.98s  Shadowmask atlas bake...	14147	3799832
1790900832	343.3	2593564	9	12114.98s  Shadowmask atlas bake...	14157	3799832
1790900842	347.5	2617724	9	12114.98s  Shadowmask atlas bake...	14167	3799832
1790900852	348.2	2649380	9	12114.98s  Shadowmask atlas bake...	14177	3799832
1790900862	375.0	2648276	9	12114.98s  Shadowmask atlas bake...	14187	3799832
1790900872	330.8	2660820	9	12114.98s  Shadowmask atlas bake...	14197	3799832
1790900882	324.3	2659620	9	12114.98s  Shadowmask atlas bake...	14207	3799832
1790900892	341.9	2660892	9	12114.98s  Shadowmask atlas bake...	14217	3799832
1790900902	309.6	2611000	9	12114.98s  Shadowmask atlas bake...	14227	3799832
1790900912	393.7	2628944	9	12114.98s  Shadowmask atlas bake...	14237	3799832
1790900922	324.2	2642032	9	12114.98s  Shadowmask atlas bake...	14247	3799832
1790900932	383.8	2659552	9	12114.98s  Shadowmask atlas bake...	14257	3799832
1790900942	302.0	2661280	9	12114.98s  Shadowmask atlas bake...	14267	3799832
1790900952	340.1	2671552	9	12114.98s  Shadowmask atlas bake...	14277	3799832
1790900962	388.6	2620084	9	12114.98s  Shadowmask atlas bake...	14287	3799832
1790900972	377.7	2626968	9	12114.98s  Shadowmask atlas bake...	14297	3799832
1790900982	334.0	2646732	9	12114.98s  Shadowmask atlas bake...	14307	3799832
1790900992	306.9	2648036	9	12114.98s  Shadowmask atlas bake...	14317	3799832
1790901002	331.5	2656868	9	12114.98s  Shadowmask atlas bake...	14327	3799832
1790901012	377.6	2621644	9	12114.98s  Shadowmask atlas bake...	14337	3799832
1790901022	389.1	2635448	9	12114.98s  Shadowmask atlas bake...	14347	3799832
1790901032	329.2	2672576	9	12114.98s  Shadowmask atlas bake...	14357	3799832
1790901042	290.6	2657496	9	12114.98s  Shadowmask atlas bake...	14367	3799832
1790901052	300.5	2672872	9	12114.98s  Shadowmask atlas bake...	14377	3799832
1790901062	349.6	2661360	9	12114.98s  Shadowmask atlas bake...	14387	3799832
1790901072	300.2	2618152	9	12114.98s  Shadowmask atlas bake...	14397	3799832
1790901082	334.8	2647108	9	12114.98s  Shadowmask atlas bake...	14407	3799832
1790901092	356.8	2660284	9	12114.98s  Shadowmask atlas bake...	14417	3799832
1790901102	259.2	2673064	9	12114.98s  Shadowmask atlas bake...	14427	3799832
1790901113	361.0	2673832	9	12114.98s  Shadowmask atlas bake...	14437	3799832
1790901123	325.1	2617248	9	12114.98s  Shadowmask atlas bake...	14447	3799832
1790901133	355.3	2657312	9	12114.98s  Shadowmask atlas bake...	14457	3799832
1790901143	338.2	2663924	9	12114.98s  Shadowmask atlas bake...	14467	3799832
1790901153	383.7	2668860	9	12114.98s  Shadowmask atlas bake...	14477	3799832
1790901163	320.3	2680288	9	12114.98s  Shadowmask atlas bake...	14487	3799832
1790901173	339.6	2619272	9	12114.98s  Shadowmask atlas bake...	14497	3799832
1790901183	394.3	2633500	9	12114.98s  Shadowmask atlas bake...	14507	3799832
1790901193	348.1	2664088	9	12114.98s  Shadowmask atlas bake...	14518	3799832
1790901203	374.1	2622636	9	12114.98s  Shadowmask atlas bake...	14528	3799832
1790901213	359.1	2646876	9	12114.98s  Shadowmask atlas bake...	14538	3799832
1790901223	323.3	2684424	9	12114.98s  Shadowmask atlas bake...	14548	3799832
1790901233	384.2	2639928	9	12114.98s  Shadowmask atlas bake...	14558	3799832
1790901243	373.9	2632988	9	12114.98s  Shadowmask atlas bake...	14568	3799832
1790901253	310.9	2676008	9	12114.98s  Shadowmask atlas bake...	14578	3799832
1790901263	352.2	2672508	9	12114.98s  Shadowmask atlas bake...	14588	3799832
1790901273	392.8	2631744	9	12114.98s  Shadowmask atlas bake...	14598	3799832
1790901283	363.2	2650208	9	12114.98s  Shadowmask atlas bake...	14608	3799832
1790901293	354.1	2676768	9	12114.98s  Shadowmask atlas bake...	14618	3799832
1790901303	319.6	2683448	9	12114.98s  Shadowmask atlas bake...	14628	3799832
1790901313	332.3	2691908	9	12114.98s  Shadowmask atlas bake...	14638	3799832
1790901323	334.1	2635556	9	12114.98s  Shadowmask atlas bake...	14648	3799832
1790901333	259.8	2638944	9	12114.98s  Shadowmask atlas bake...	14658	3799832
1790901343	210.0	2674488	9	12114.98s  Shadowmask atlas bake...	14668	3799832
1790901353	110.7	2671868	9	12114.98s  Shadowmask atlas bake...	14678	3799832
1790901363	167.2	2671748	9	12114.98s  Shadowmask atlas bake...	14688	3799832
1790901373	187.2	2695864	9	12114.98s  Shadowmask atlas bake...	14698	3799832
1790901383	151.1	2691416	9	12114.98s  Shadowmask atlas bake...	14708	3799832
1790901393	162.0	2697252	9	12114.98s  Shadowmask atlas bake...	14718	3799832
1790901403	285.2	2706960	9	12114.98s  Shadowmask atlas bake...	14728	3799832
1790901413	104.5	2707920	9	12114.98s  Shadowmask atlas bake...	14738	3799832
1790901423	125.1	2707752	9	12114.98s  Shadowmask atlas bake...	14748	3799832
1790901433	68.6	2695508	9	12114.98s  Shadowmask atlas bake...	14758	3799832
1790901443	27.3	2697732	9	12114.98s  Shadowmask atlas bake...	14768	3799832
1790901453	59.0	2700992	9	12114.98s  Shadowmask atlas bake...	14778	3799832
1790901463	191.1	2703432	9	12114.98s  Shadowmask atlas bake...	14788	3799832
1790901473	152.7	2717852	9	12114.98s  Shadowmask atlas bake...	14798	3799832
1790901483	192.8	2711084	9	12114.98s  Shadowmask atlas bake...	14808	3799832
1790901493	208.1	2649768	9	12114.98s  Shadowmask atlas bake...	14818	3799832
1790901504	94.1	2653548	9	12114.98s  Shadowmask atlas bake...	14828	3799832
1790901514	47.6	2653580	9	12114.98s  Shadowmask atlas bake...	14838	3799832
1790901524	32.1	2653600	9	12114.98s  Shadowmask atlas bake...	14849	3799832
1790901534	29.3	2653608	9	12114.98s  Shadowmask atlas bake...	14859	3799832
1790901544	37.3	2662308	9	12114.98s  Shadowmask atlas bake...	14869	3799832
1790901554	104.6	2667080	9	12114.98s  Shadowmask atlas bake...	14879	3799832
1790901564	166.2	2669952	9	12114.98s  Shadowmask atlas bake...	14889	3799832
1790901574	284.1	2686392	9	12114.98s  Shadowmask atlas bake...	14899	3799832
1790901584	316.5	2686408	9	12114.98s  Shadowmask atlas bake...	14909	3799832
1790901594	327.5	2700856	9	12114.98s  Shadowmask atlas bake...	14919	3799832
1790901604	330.9	2704888	9	12114.98s  Shadowmask atlas bake...	14929	3799832
1790901614	297.1	2680496	9	12114.98s  Shadowmask atlas bake...	14939	3799832
1790901624	347.3	2694660	9	12114.98s  Shadowmask atlas bake...	14949	3799832
1790901634	275.4	2697508	9	12114.98s  Shadowmask atlas bake...	14959	3799832
1790901644	303.5	2700336	9	12114.98s  Shadowmask atlas bake...	14969	3799832
1790901654	275.5	2701532	9	12114.98s  Shadowmask atlas bake...	14979	3799832
1790901664	300.8	2664936	9	12114.98s  Shadowmask atlas bake...	14989	3799832
1790901674	335.8	2695880	9	12114.98s  Shadowmask atlas bake...	14999	3799832
1790901684	388.1	2692832	9	12114.98s  Shadowmask atlas bake...	15009	3799832
1790901694	375.6	2711432	9	12114.98s  Shadowmask atlas bake...	15019	3799832
1790901704	272.9	2718764	9	12114.98s  Shadowmask atlas bake...	15029	3799832
1790901714	378.2	2719424	9	12114.98s  Shadowmask atlas bake...	15039	3799832
1790901724	215.4	2720356	9	12114.98s  Shadowmask atlas bake...	15049	3799832
1790901734	330.5	2725636	9	12114.98s  Shadowmask atlas bake...	15059	3799832
1790901744	320.8	2651480	9	12114.98s  Shadowmask atlas bake...	15069	3799832
1790901754	233.6	2658552	9	12114.98s  Shadowmask atlas bake...	15079	3799832
1790901765	140.1	2661604	9	12114.98s  Shadowmask atlas bake...	15089	3799832
1790901779	81.3	2689200	9	12114.98s  Shadowmask atlas bake...	15099	3799832
1790901789	16.1	2691632	9	12114.98s  Shadowmask atlas bake...	15114	3799832
1790901800	91.2	2694256	9	12114.98s  Shadowmask atlas bake...	15124	3799832
1790901810	391.7	2713492	9	12114.98s  Shadowmask atlas bake...	15134	3799832
1790901820	371.3	2717392	9	12114.98s  Shadowmask atlas bake...	15144	3799832
1790901830	311.4	2713168	9	12114.98s  Shadowmask atlas bake...	15154	3799832
1790901840	334.8	2719876	9	12114.98s  Shadowmask atlas bake...	15164	3799832
1790901850	348.2	2670324	9	12114.98s  Shadowmask atlas bake...	15174	3799832
1790901860	327.6	2692276	9	12114.98s  Shadowmask atlas bake...	15184	3799832
1790901870	277.6	2697048	9	12114.98s  Shadowmask atlas bake...	15195	3799832
1790901880	304.6	2696516	9	12114.98s  Shadowmask atlas bake...	15205	3799832
1790901890	344.5	2673008	9	12114.98s  Shadowmask atlas bake...	15215	3799832
1790901900	344.4	2702932	9	12114.98s  Shadowmask atlas bake...	15225	3799832
1790901910	313.3	2711500	9	12114.98s  Shadowmask atlas bake...	15235	3799832
1790901920	308.4	2712204	9	12114.98s  Shadowmask atlas bake...	15245	3799832
1790901930	288.8	2712940	9	12114.98s  Shadowmask atlas bake...	15255	3799832
1790901940	361.0	2669780	9	12114.98s  Shadowmask atlas bake...	15265	3799832
1790901950	375.6	2695492	9	12114.98s  Shadowmask atlas bake...	15275	3799832
1790901960	355.2	2672060	9	12114.98s  Shadowmask atlas bake...	15285	3799832
1790901970	354.5	2672148	9	12114.98s  Shadowmask atlas bake...	15295	3799832
1790901980	353.0	2682812	9	12114.98s  Shadowmask atlas bake...	15305	3799832
1790901990	306.5	2712176	9	12114.98s  Shadowmask atlas bake...	15315	3799832
1790902000	319.2	2720908	9	12114.98s  Shadowmask atlas bake...	15325	3799832
1790902010	238.2	2673600	9	12114.98s  Shadowmask atlas bake...	15335	3799832
1790902020	360.2	2691160	9	12114.98s  Shadowmask atlas bake...	15345	3799832
1790902030	333.8	2703868	9	12114.98s  Shadowmask atlas bake...	15355	3799832
1790902040	347.9	2731820	9	12114.98s  Shadowmask atlas bake...	15365	3799832
1790902050	332.2	2732156	9	12114.98s  Shadowmask atlas bake...	15375	3799832
1790902060	355.5	2732272	9	12114.98s  Shadowmask atlas bake...	15385	3799832
1790902070	371.5	2691192	9	12114.98s  Shadowmask atlas bake...	15395	3799832
1790902080	341.9	2709396	9	12114.98s  Shadowmask atlas bake...	15405	3799832
1790902090	377.0	2726496	9	12114.98s  Shadowmask atlas bake...	15415	3799832
1790902100	320.8	2734444	9	12114.98s  Shadowmask atlas bake...	15425	3799832
1790902110	336.4	2687044	9	12114.98s  Shadowmask atlas bake...	15435	3799832
1790902120	351.5	2695020	9	12114.98s  Shadowmask atlas bake...	15445	3799832
1790902130	332.9	2703824	9	12114.98s  Shadowmask atlas bake...	15455	3799832
1790902140	346.8	2726636	9	12114.98s  Shadowmask atlas bake...	15465	3799832
1790902150	245.9	2688924	9	12114.98s  Shadowmask atlas bake...	15475	3799832
1790902160	324.4	2704200	9	12114.98s  Shadowmask atlas bake...	15485	3799832
1790902170	208.0	2706696	9	12114.98s  Shadowmask atlas bake...	15495	3799832
1790902180	297.7	2732196	9	12114.98s  Shadowmask atlas bake...	15505	3799832
1790902190	194.6	2731804	9	12114.98s  Shadowmask atlas bake...	15515	3799832
1790902200	337.2	2723904	9	12114.98s  Shadowmask atlas bake...	15525	3799832
1790902210	273.0	2715880	9	12114.98s  Shadowmask atlas bake...	15535	3799832
1790902220	265.3	2719224	9	12114.98s  Shadowmask atlas bake...	15545	3799832
1790902230	257.4	2724568	9	12114.98s  Shadowmask atlas bake...	15555	3799832
1790902240	210.0	2726280	9	12114.98s  Shadowmask atlas bake...	15565	3799832
1790902250	247.9	2727404	9	12114.98s  Shadowmask atlas bake...	15575	3799832
1790902260	349.2	2729760	9	12114.98s  Shadowmask atlas bake...	15585	3799832
1790902270	237.8	2699920	9	12114.98s  Shadowmask atlas bake...	15595	3799832
1790902280	273.2	2713404	9	12114.98s  Shadowmask atlas bake...	15605	3799832
1790902290	283.0	2717616	9	12114.98s  Shadowmask atlas bake...	15615	3799832
1790902300	236.7	2715728	9	12114.98s  Shadowmask atlas bake...	15625	3799832
1790902310	360.8	2719796	9	12114.98s  Shadowmask atlas bake...	15635	3799832
1790902320	370.6	2710620	9	12114.98s  Shadowmask atlas bake...	15645	3799832
1790902330	374.0	2737976	9	12114.98s  Shadowmask atlas bake...	15655	3799832
1790902340	349.7	2744560	9	12114.98s  Shadowmask atlas bake...	15665	3799832
1790902350	319.3	2753140	9	12114.98s  Shadowmask atlas bake...	15675	3799832
1790902360	264.9	2758016	9	12114.98s  Shadowmask atlas bake...	15685	3799832
1790902370	347.2	2705448	9	12114.98s  Shadowmask atlas bake...	15695	3799832
1790902380	371.8	2717884	9	12114.98s  Shadowmask atlas bake...	15705	3799832
1790902390	353.3	2728388	9	12114.98s  Shadowmask atlas bake...	15715	3799832
1790902400	313.8	2750408	9	12114.98s  Shadowmask atlas bake...	15725	3799832
1790902410	328.5	2754996	9	12114.98s  Shadowmask atlas bake...	15735	3799832
1790902420	333.2	2738472	9	12114.98s  Shadowmask atlas bake...	15745	3799832
1790902430	371.7	2756400	9	12114.98s  Shadowmask atlas bake...	15755	3799832
1790902440	273.1	2765756	9	12114.98s  Shadowmask atlas bake...	15765	3799832
1790902450	301.8	2766460	9	12114.98s  Shadowmask atlas bake...	15775	3799832
1790902460	242.8	2767140	9	12114.98s  Shadowmask atlas bake...	15785	3799832
1790902470	313.6	2767140	9	12114.98s  Shadowmask atlas bake...	15795	3799832
1790902480	329.4	2717476	9	12114.98s  Shadowmask atlas bake...	15805	3799832
1790902490	336.5	2742680	9	12114.98s  Shadowmask atlas bake...	15815	3799832
1790902500	270.1	2748908	9	12114.98s  Shadowmask atlas bake...	15825	3799832
1790902510	250.0	2749460	9	12114.98s  Shadowmask atlas bake...	15835	3799832
1790902520	282.0	2748644	9	12114.98s  Shadowmask atlas bake...	15845	3799832
1790902531	280.6	2658428	9	12114.98s  Shadowmask atlas bake...	15855	3799832
1790902541	336.6	2740924	9	12114.98s  Shadowmask atlas bake...	15865	3799832
1790902551	359.5	2758160	9	12114.98s  Shadowmask atlas bake...	15875	3799832
1790902561	323.5	2777480	9	12114.98s  Shadowmask atlas bake...	15885	3799832
1790902571	325.1	2783744	9	12114.98s  Shadowmask atlas bake...	15895	3799832
1790902581	347.4	2783252	9	12114.98s  Shadowmask atlas bake...	15905	3799832
1790902591	237.7	2785200	9	12114.98s  Shadowmask atlas bake...	15915	3799832
1790902601	279.2	2785184	9	12114.98s  Shadowmask atlas bake...	15925	3799832
1790902611	263.3	2786232	9	12114.98s  Shadowmask atlas bake...	15935	3799832
1790902621	283.6	2785360	9	12114.98s  Shadowmask atlas bake...	15946	3799832
1790902631	385.0	2721660	9	12114.98s  Shadowmask atlas bake...	15956	3799832
1790902641	357.1	2750596	9	12114.98s  Shadowmask atlas bake...	15966	3799832
1790902651	338.4	2772540	9	12114.98s  Shadowmask atlas bake...	15976	3799832
1790902661	345.3	2777696	9	12114.98s  Shadowmask atlas bake...	15986	3799832
1790902671	259.3	2781832	9	12114.98s  Shadowmask atlas bake...	15996	3799832
1790902681	334.7	2728712	9	12114.98s  Shadowmask atlas bake...	16006	3799832
1790902691	326.4	2731648	9	12114.98s  Shadowmask atlas bake...	16016	3799832
1790902701	329.7	2756944	9	12114.98s  Shadowmask atlas bake...	16026	3799832
1790902711	322.3	2730352	9	12114.98s  Shadowmask atlas bake...	16036	3799832
1790902721	371.9	2740756	9	12114.98s  Shadowmask atlas bake...	16046	3799832
1790902731	367.5	2745104	9	12114.98s  Shadowmask atlas bake...	16056	3799832
1790902741	320.4	2778736	9	12114.98s  Shadowmask atlas bake...	16066	3799832
1790902751	325.6	2781616	9	12114.98s  Shadowmask atlas bake...	16076	3799832
1790902761	332.4	2785896	9	12114.98s  Shadowmask atlas bake...	16086	3799832
1790902771	336.2	2769900	9	12114.98s  Shadowmask atlas bake...	16096	3799832
1790902781	371.9	2780988	9	12114.98s  Shadowmask atlas bake...	16106	3799832
1790902791	320.8	2787404	9	12114.98s  Shadowmask atlas bake...	16116	3799832
1790902801	314.8	2788064	9	12114.98s  Shadowmask atlas bake...	16126	3799832
1790902811	330.1	2788076	9	12114.98s  Shadowmask atlas bake...	16136	3799832
1790902821	352.1	2752764	9	12114.98s  Shadowmask atlas bake...	16146	3799832
1790902831	318.3	2781764	9	12114.98s  Shadowmask atlas bake...	16156	3799832
1790902841	377.1	2785548	9	12114.98s  Shadowmask atlas bake...	16166	3799832
1790902851	290.9	2786248	9	12114.98s  Shadowmask atlas bake...	16176	3799832
1790902861	355.1	2786548	9	12114.98s  Shadowmask atlas bake...	16186	3799832
1790902871	362.3	2753068	9	12114.98s  Shadowmask atlas bake...	16196	3799832
1790902881	295.4	2779508	9	12114.98s  Shadowmask atlas bake...	16206	3799832
1790902891	304.8	2784504	9	12114.98s  Shadowmask atlas bake...	16216	3799832
1790902901	294.7	2785072	9	12114.98s  Shadowmask atlas bake...	16226	3799832
1790902911	302.7	2747916	9	12114.98s  Shadowmask atlas bake...	16236	3799832
1790902921	379.3	2756204	9	12114.98s  Shadowmask atlas bake...	16246	3799832
1790902931	377.1	2772924	9	12114.98s  Shadowmask atlas bake...	16256	3799832
1790902941	311.1	2798456	9	12114.98s  Shadowmask atlas bake...	16266	3799832
1790902951	334.6	2799552	9	12114.98s  Shadowmask atlas bake...	16276	3799832
1790902961	344.9	2751596	9	12114.98s  Shadowmask atlas bake...	16286	3799832
1790902971	343.2	2753656	9	12114.98s  Shadowmask atlas bake...	16296	3799832
1790902981	342.1	2779852	9	12114.98s  Shadowmask atlas bake...	16306	3799832
1790902991	321.4	2807252	9	12114.98s  Shadowmask atlas bake...	16316	3799832
1790903001	248.8	2807940	9	12114.98s  Shadowmask atlas bake...	16326	3799832
1790903011	298.4	2794164	9	12114.98s  Shadowmask atlas bake...	16336	3799832
1790903021	274.1	2794636	9	12114.98s  Shadowmask atlas bake...	16346	3799832
1790903031	331.7	2773140	9	12114.98s  Shadowmask atlas bake...	16356	3799832
1790903041	380.4	2788720	9	12114.98s  Shadowmask atlas bake...	16366	3799832
1790903051	339.5	2800956	9	12114.98s  Shadowmask atlas bake...	16376	3799832
1790903061	351.7	2800992	9	12114.98s  Shadowmask atlas bake...	16386	3799832
1790903071	402.5	2762604	9	12114.98s  Shadowmask atlas bake...	16396	3799832
1790903081	310.4	2795256	9	12114.98s  Shadowmask atlas bake...	16406	3799832
1790903091	343.1	2804572	9	12114.98s  Shadowmask atlas bake...	16416	3799832
1790903102	331.2	2806932	9	12114.98s  Shadowmask atlas bake...	16426	3799832
1790903112	307.4	2807052	9	12114.98s  Shadowmask atlas bake...	16436	3799832
1790903122	338.5	2769020	9	12114.98s  Shadowmask atlas bake...	16446	3799832
1790903132	362.7	2789380	9	12114.98s  Shadowmask atlas bake...	16456	3799832
1790903142	362.4	2806728	9	12114.98s  Shadowmask atlas bake...	16466	3799832
1790903152	329.9	2815560	9	12114.98s  Shadowmask atlas bake...	16476	3799832
1790903162	332.4	2770680	9	12114.98s  Shadowmask atlas bake...	16486	3799832
1790903172	332.0	2789460	9	12114.98s  Shadowmask atlas bake...	16496	3799832
1790903182	333.0	2812812	9	12114.98s  Shadowmask atlas bake...	16506	3799832
1790903192	292.7	2815764	9	12114.98s  Shadowmask atlas bake...	16517	3799832
1790903202	347.7	2773632	9	12114.98s  Shadowmask atlas bake...	16527	3799832
1790903212	359.4	2799380	9	12114.98s  Shadowmask atlas bake...	16537	3799832
1790903222	338.7	2817108	9	12114.98s  Shadowmask atlas bake...	16547	3799832
1790903232	225.6	2818280	9	12114.98s  Shadowmask atlas bake...	16557	3799832
1790903242	287.9	2826176	9	12114.98s  Shadowmask atlas bake...	16567	3799832
1790903252	268.9	2829960	9	12114.98s  Shadowmask atlas bake...	16577	3799832
1790903262	263.3	2826952	9	12114.98s  Shadowmask atlas bake...	16587	3799832
1790903272	351.2	2781304	9	12114.98s  Shadowmask atlas bake...	16597	3799832
1790903282	354.5	2815768	9	12114.98s  Shadowmask atlas bake...	16607	3799832
1790903292	339.0	2825724	9	12114.98s  Shadowmask atlas bake...	16617	3799832
1790903302	327.5	2830336	9	12114.98s  Shadowmask atlas bake...	16627	3799832
1790903312	312.0	2830908	9	12114.98s  Shadowmask atlas bake...	16637	3799832
1790903322	279.1	2830588	9	12114.98s  Shadowmask atlas bake...	16647	3799832
1790903332	338.0	2811392	9	12114.98s  Shadowmask atlas bake...	16657	3799832
1790903342	364.3	2832840	9	12114.98s  Shadowmask atlas bake...	16667	3799832
1790903352	325.7	2838872	9	12114.98s  Shadowmask atlas bake...	16677	3799832
1790903362	309.7	2842800	9	12114.98s  Shadowmask atlas bake...	16687	3799832
1790903372	314.2	2844556	9	12114.98s  Shadowmask atlas bake...	16697	3799832
1790903382	352.0	2844636	9	12114.98s  Shadowmask atlas bake...	16707	3799832
1790903392	365.9	2806364	9	12114.98s  Shadowmask atlas bake...	16717	3799832
1790903402	353.3	2830172	9	12114.98s  Shadowmask atlas bake...	16727	3799832
1790903412	333.2	2839348	9	12114.98s  Shadowmask atlas bake...	16737	3799832
1790903422	362.9	2839804	9	12114.98s  Shadowmask atlas bake...	16747	3799832
1790903432	313.9	2839700	9	12114.98s  Shadowmask atlas bake...	16757	3799832
1790903442	317.6	2839700	9	12114.98s  Shadowmask atlas bake...	16767	3799832
1790903452	351.6	2807904	9	12114.98s  Shadowmask atlas bake...	16777	3799832
1790903462	339.6	2815328	9	12114.98s  Shadowmask atlas bake...	16787	3799832
1790903472	235.2	2827392	9	12114.98s  Shadowmask atlas bake...	16797	3799832
1790903482	345.4	2843420	9	12114.98s  Shadowmask atlas bake...	16807	3799832
1790903492	300.6	2842284	9	12114.98s  Shadowmask atlas bake...	16817	3799832
1790903502	336.5	2794048	9	12114.98s  Shadowmask atlas bake...	16827	3799832
1790903512	371.7	2801556	9	12114.98s  Shadowmask atlas bake...	16837	3799832
1790903522	353.5	2824780	9	12114.98s  Shadowmask atlas bake...	16847	3799832
1790903532	303.0	2748304	9	12114.98s  Shadowmask atlas bake...	16857	3799832
1790903542	372.8	2801180	9	12114.98s  Shadowmask atlas bake...	16867	3799832
1790903552	365.1	2815728	9	12114.98s  Shadowmask atlas bake...	16877	3799832
1790903562	360.5	2853664	9	12114.98s  Shadowmask atlas bake...	16887	3799832
1790903572	356.8	2857424	9	12114.98s  Shadowmask atlas bake...	16897	3799832
1790903582	322.8	2811476	9	12114.98s  Shadowmask atlas bake...	16907	3799832
1790903592	355.0	2847900	9	12114.98s  Shadowmask atlas bake...	16917	3799832
1790903602	397.9	2852988	9	12114.98s  Shadowmask atlas bake...	16927	3799832
1790903612	364.1	2865928	9	12114.98s  Shadowmask atlas bake...	16937	3799832
1790903622	352.6	2866352	9	12114.98s  Shadowmask atlas bake...	16947	3799832
1790903632	341.6	2867324	9	12114.98s  Shadowmask atlas bake...	16957	3799832
1790903642	286.3	2868604	9	12114.98s  Shadowmask atlas bake...	16967	3799832
1790903652	325.7	2834964	9	12114.98s  Shadowmask atlas bake...	16977	3799832
1790903662	342.5	2842164	9	12114.98s  Shadowmask atlas bake...	16987	3799832
1790903672	257.2	2845904	9	12114.98s  Shadowmask atlas bake...	16997	3799832
1790903682	285.5	2847212	9	12114.98s  Shadowmask atlas bake...	17007	3799832
1790903692	272.0	2845904	9	12114.98s  Shadowmask atlas bake...	17017	3799832
1790903702	285.7	2812088	9	12114.98s  Shadowmask atlas bake...	17027	3799832
1790903712	349.2	2841152	9	12114.98s  Shadowmask atlas bake...	17037	3799832
1790903722	312.3	2860208	9	12114.98s  Shadowmask atlas bake...	17047	3799832
1790903732	235.2	2858884	9	12114.98s  Shadowmask atlas bake...	17057	3799832
1790903742	331.4	2863316	9	12114.98s  Shadowmask atlas bake...	17067	3799832
1790903752	347.5	2862296	9	12114.98s  Shadowmask atlas bake...	17077	3799832
1790903762	340.5	2816308	9	12114.98s  Shadowmask atlas bake...	17087	3799832
1790903772	375.2	2822404	9	12114.98s  Shadowmask atlas bake...	17097	3799832
1790903782	376.4	2835640	9	12114.98s  Shadowmask atlas bake...	17107	3799832
1790903792	360.9	2865324	9	12114.98s  Shadowmask atlas bake...	17117	3799832
1790903802	330.1	2821164	9	12114.98s  Shadowmask atlas bake...	17127	3799832
1790903812	388.8	2839304	9	12114.98s  Shadowmask atlas bake...	17137	3799832
1790903822	345.1	2860644	9	12114.98s  Shadowmask atlas bake...	17147	3799832
1790903832	332.9	2801048	9	12114.98s  Shadowmask atlas bake...	17157	3799832
1790903842	344.8	2842176	9	12114.98s  Shadowmask atlas bake...	17167	3799832
1790903852	374.1	2850120	9	12114.98s  Shadowmask atlas bake...	17177	3799832
1790903862	265.6	2864196	9	12114.98s  Shadowmask atlas bake...	17187	3799832
1790903873	315.6	2875736	9	12114.98s  Shadowmask atlas bake...	17197	3799832
1790903883	279.1	2879296	9	12114.98s  Shadowmask atlas bake...	17207	3799832
1790903893	291.1	2878120	9	12114.98s  Shadowmask atlas bake...	17217	3799832
1790903903	338.6	2838356	9	12114.98s  Shadowmask atlas bake...	17227	3799832
1790903913	351.4	2804404	9	12114.98s  Shadowmask atlas bake...	17237	3799832
1790903923	254.8	2862648	9	12114.98s  Shadowmask atlas bake...	17247	3799832
1790903933	348.6	2866288	9	12114.98s  Shadowmask atlas bake...	17257	3799832
1790903943	327.8	2866136	9	12114.98s  Shadowmask atlas bake...	17267	3799832
1790903953	376.6	2835056	9	12114.98s  Shadowmask atlas bake...	17277	3799832
1790903963	354.4	2867212	9	12114.98s  Shadowmask atlas bake...	17287	3799832
1790903973	391.8	2884296	9	12114.98s  Shadowmask atlas bake...	17297	3799832
1790903983	303.6	2885672	9	12114.98s  Shadowmask atlas bake...	17308	3799832
1790903993	265.8	2900684	9	12114.98s  Shadowmask atlas bake...	17318	3799832
1790904003	317.6	2887168	9	12114.98s  Shadowmask atlas bake...	17328	3799832
1790904013	323.9	2846284	9	12114.98s  Shadowmask atlas bake...	17338	3799832
1790904023	377.0	2875460	9	12114.98s  Shadowmask atlas bake...	17348	3799832
1790904033	375.1	2901220	9	12114.98s  Shadowmask atlas bake...	17358	3799832
1790904043	338.2	2923672	9	12114.98s  Shadowmask atlas bake...	17368	3799832
1790904053	317.9	2902292	9	12114.98s  Shadowmask atlas bake...	17378	3799832
1790904063	381.9	2903544	9	12114.98s  Shadowmask atlas bake...	17388	3799832
1790904073	351.7	2845652	9	12114.98s  Shadowmask atlas bake...	17398	3799832
1790904083	328.2	2872764	9	12114.98s  Shadowmask atlas bake...	17408	3799832
1790904093	320.4	2889380	9	12114.98s  Shadowmask atlas bake...	17418	3799832
1790904103	326.9	2891020	9	12114.98s  Shadowmask atlas bake...	17428	3799832
1790904113	279.2	2890920	9	12114.98s  Shadowmask atlas bake...	17438	3799832
1790904123	299.6	2890920	9	12114.98s  Shadowmask atlas bake...	17448	3799832
1790904133	317.6	2856892	9	12114.98s  Shadowmask atlas bake...	17458	3799832
1790904143	355.2	2883584	9	12114.98s  Shadowmask atlas bake...	17468	3799832
1790904153	323.4	2891504	9	12114.98s  Shadowmask atlas bake...	17478	3799832
1790904163	333.4	2898384	9	12114.98s  Shadowmask atlas bake...	17488	3799832
1790904173	275.0	2899120	9	12114.98s  Shadowmask atlas bake...	17498	3799832
1790904183	345.2	2899176	9	12114.98s  Shadowmask atlas bake...	17508	3799832
1790904193	340.8	2873116	9	12114.98s  Shadowmask atlas bake...	17518	3799832
1790904203	350.9	2902732	9	12114.98s  Shadowmask atlas bake...	17528	3799832
1790904213	365.2	2910852	9	12114.98s  Shadowmask atlas bake...	17538	3799832
1790904223	354.9	2914364	9	12114.98s  Shadowmask atlas bake...	17548	3799832
1790904233	324.2	2914364	9	12114.98s  Shadowmask atlas bake...	17558	3799832
1790904243	317.1	2914372	9	12114.98s  Shadowmask atlas bake...	17568	3799832
1790904253	312.8	2914372	9	12114.98s  Shadowmask atlas bake...	17578	3799832
1790904263	384.5	2883168	9	12114.98s  Shadowmask atlas bake...	17588	3799832
1790904273	409.5	2902668	9	12114.98s  Shadowmask atlas bake...	17598	3799832
1790904283	320.1	2911508	9	12114.98s  Shadowmask atlas bake...	17608	3799832
1790904293	338.3	2919136	9	12114.98s  Shadowmask atlas bake...	17618	3799832
1790904303	337.1	2920748	9	12114.98s  Shadowmask atlas bake...	17628	3799832
1790904313	349.7	2880808	9	12114.98s  Shadowmask atlas bake...	17638	3799832
1790904323	364.8	2906880	9	12114.98s  Shadowmask atlas bake...	17648	3799832
1790904333	338.2	2919744	9	12114.98s  Shadowmask atlas bake...	17658	3799832
1790904343	343.8	2919540	9	12114.98s  Shadowmask atlas bake...	17668	3799832
1790904353	371.1	2920564	9	12114.98s  Shadowmask atlas bake...	17678	3799832
1790904363	296.0	2920564	9	12114.98s  Shadowmask atlas bake...	17688	3799832
1790904373	317.1	2866536	9	12114.98s  Shadowmask atlas bake...	17698	3799832
1790904383	323.0	2874368	9	12114.98s  Shadowmask atlas bake...	17708	3799832
1790904393	294.0	2901064	9	12114.98s  Shadowmask atlas bake...	17718	3799832
1790904403	307.6	2909880	9	12114.98s  Shadowmask atlas bake...	17728	3799832
1790904413	318.4	2877156	9	12114.98s  Shadowmask atlas bake...	17738	3799832
1790904423	309.5	2891040	9	12114.98s  Shadowmask atlas bake...	17748	3799832
1790904433	307.9	2905332	9	12114.98s  Shadowmask atlas bake...	17758	3799832
1790904443	274.0	2907596	9	12114.98s  Shadowmask atlas bake...	17768	3799832
1790904453	332.5	2873132	9	12114.98s  Shadowmask atlas bake...	17778	3799832
1790904463	329.8	2895568	9	12114.98s  Shadowmask atlas bake...	17788	3799832
1790904473	376.6	2923704	9	12114.98s  Shadowmask atlas bake...	17798	3799832
1790904483	313.9	2923884	9	12114.98s  Shadowmask atlas bake...	17808	3799832
1790904493	367.3	2923884	9	12114.98s  Shadowmask atlas bake...	17818	3799832
1790904503	288.7	2875488	9	12114.98s  Shadowmask atlas bake...	17828	3799832
1790904513	345.4	2886804	9	12114.98s  Shadowmask atlas bake...	17838	3799832
1790904523	216.1	2903544	9	12114.98s  Shadowmask atlas bake...	17848	3799832
1790904533	176.9	2918280	9	12114.98s  Shadowmask atlas bake...	17858	3799832
1790904544	113.4	2924840	9	12114.98s  Shadowmask atlas bake...	17868	3799832
1790904554	141.6	2924840	9	12114.98s  Shadowmask atlas bake...	17878	3799832
1790904564	167.9	2925852	9	12114.98s  Shadowmask atlas bake...	17888	3799832
1790904574	130.9	2925652	9	12114.98s  Shadowmask atlas bake...	17898	3799832
1790904584	171.1	2927048	9	12114.98s  Shadowmask atlas bake...	17909	3799832
1790904594	181.0	2927044	9	12114.98s  Shadowmask atlas bake...	17919	3799832
1790904605	151.3	2938728	9	12114.98s  Shadowmask atlas bake...	17929	3799832
1790904616	100.5	2929364	9	12114.98s  Shadowmask atlas bake...	17940	3799832
1790904637	33.0	2929908	9	12114.98s  Shadowmask atlas bake...	17951	3799832
1790904647	77.4	2939304	9	12114.98s  Shadowmask atlas bake...	17971	3799832
1790904657	142.7	2927536	9	12114.98s  Shadowmask atlas bake...	17982	3799832
1790904667	99.4	2878108	9	12114.98s  Shadowmask atlas bake...	17992	3799832
1790904677	34.5	2878752	9	12114.98s  Shadowmask atlas bake...	18002	3799832
1790904687	28.7	2879316	9	12114.98s  Shadowmask atlas bake...	18012	3799832
1790904697	101.5	2879888	9	12114.98s  Shadowmask atlas bake...	18022	3799832
1790904707	213.0	2880528	9	12114.98s  Shadowmask atlas bake...	18032	3799832
1790904717	124.3	2886512	9	12114.98s  Shadowmask atlas bake...	18042	3799832
1790904727	164.6	2890296	9	12114.98s  Shadowmask atlas bake...	18052	3799832
1790904737	185.8	2897664	9	12114.98s  Shadowmask atlas bake...	18062	3799832
1790904747	113.9	2906028	9	12114.98s  Shadowmask atlas bake...	18072	3799832
1790904757	127.3	2906028	9	12114.98s  Shadowmask atlas bake...	18082	3799832
1790904767	35.5	2906064	9	12114.98s  Shadowmask atlas bake...	18092	3799832
1790904777	20.3	2906064	9	12114.98s  Shadowmask atlas bake...	18102	3799832
1790904792	119.1	2928496	9	12114.98s  Shadowmask atlas bake...	18112	3799832
1790904802	221.9	2925016	9	12114.98s  Shadowmask atlas bake...	18127	3799832
1790904812	202.0	2903672	9	12114.98s  Shadowmask atlas bake...	18137	3799832
1790904822	117.4	2907896	9	12114.98s  Shadowmask atlas bake...	18147	3799832
1790904832	61.8	2907896	9	12114.98s  Shadowmask atlas bake...	18157	3799832
1790904842	22.5	2883472	9	12114.98s  Shadowmask atlas bake...	18167	3799832
1790904852	135.5	2890332	9	12114.98s  Shadowmask atlas bake...	18177	3799832
1790904863	364.0	2921120	9	12114.98s  Shadowmask atlas bake...	18187	3799832
1790904873	326.4	2939312	9	12114.98s  Shadowmask atlas bake...	18197	3799832
1790904883	295.6	2943492	9	12114.98s  Shadowmask atlas bake...	18207	3799832
1790904893	298.1	2943484	9	12114.98s  Shadowmask atlas bake...	18217	3799832
1790904903	319.3	2944392	10	12114.98s  Shadowmask atlas bake...	18227	3799832
1790904913	332.5	2891320	10	12114.98s  Shadowmask atlas bake...	18237	3799832
1790904923	331.6	2910264	10	12114.98s  Shadowmask atlas bake...	18247	3799832
1790904933	291.0	2918836	10	12114.98s  Shadowmask atlas bake...	18258	3799832
1790904943	318.3	2936752	10	12114.98s  Shadowmask atlas bake...	18268	3799832
1790904953	299.0	2936752	10	12114.98s  Shadowmask atlas bake...	18278	3799832
1790904963	343.8	2936736	10	12114.98s  Shadowmask atlas bake...	18288	3799832
1790904973	329.0	2892704	9	12114.98s  Shadowmask atlas bake...	18298	3799832
1790904983	361.5	2933468	9	12114.98s  Shadowmask atlas bake...	18308	3799832
1790904993	362.2	2952940	9	12114.98s  Shadowmask atlas bake...	18318	3799832
1790905003	316.1	2963068	9	12114.98s  Shadowmask atlas bake...	18328	3799832
1790905013	350.8	2962980	9	12114.98s  Shadowmask atlas bake...	18338	3799832
1790905023	312.0	2963112	9	12114.98s  Shadowmask atlas bake...	18348	3799832
1790905033	352.6	2908016	9	12114.98s  Shadowmask atlas bake...	18358	3799832
1790905043	372.4	2913352	9	12114.98s  Shadowmask atlas bake...	18368	3799832
1790905053	332.7	2936088	9	12114.98s  Shadowmask atlas bake...	18378	3799832
1790905063	376.2	2939296	9	12114.98s  Shadowmask atlas bake...	18388	3799832
1790905073	324.6	2956120	9	12114.98s  Shadowmask atlas bake...	18398	3799832
1790905083	291.6	2911220	9	12114.98s  Shadowmask atlas bake...	18408	3799832
1790905093	340.4	2917760	9	12114.98s  Shadowmask atlas bake...	18418	3799832
1790905103	340.2	2934672	9	12114.98s  Shadowmask atlas bake...	18428	3799832
1790905113	354.3	2961296	9	12114.98s  Shadowmask atlas bake...	18438	3799832
1790905123	263.5	2962392	9	12114.98s  Shadowmask atlas bake...	18448	3799832
1790905133	149.3	2961932	9	12114.98s  Shadowmask atlas bake...	18458	3799832
1790905143	162.0	2963468	9	12114.98s  Shadowmask atlas bake...	18468	3799832
1790905153	152.6	2964968	9	12114.98s  Shadowmask atlas bake...	18478	3799832
1790905163	355.9	2929520	9	12114.98s  Shadowmask atlas bake...	18488	3799832
1790905173	366.7	2943088	9	12114.98s  Shadowmask atlas bake...	18498	3799832
1790905183	310.1	2954016	9	12114.98s  Shadowmask atlas bake...	18508	3799832
1790905193	310.6	2966044	9	12114.98s  Shadowmask atlas bake...	18518	3799832
1790905203	372.1	2925844	9	12114.98s  Shadowmask atlas bake...	18528	3799832
1790905213	355.9	2935228	9	12114.98s  Shadowmask atlas bake...	18538	3799832
1790905223	289.1	2957688	9	12114.98s  Shadowmask atlas bake...	18548	3799832
1790905233	239.5	2958868	9	12114.98s  Shadowmask atlas bake...	18558	3799832
1790905243	255.0	2958456	9	12114.98s  Shadowmask atlas bake...	18568	3799832
1790905253	165.3	3001104	9	12114.98s  Shadowmask atlas bake...	18578	3799832
1790905263	4.5	1632228	9	12114.98s  Shadowmask atlas bake...	18588	3799832
1790905273	0.0	1632228	9	12114.98s  Shadowmask atlas bake...	18598	3799832
1790905283	0.2	1632228	9	12114.98s  Shadowmask atlas bake...	18608	3799832
1790905293	0.2	1632228	9	12114.98s  Shadowmask atlas bake...	18618	3799832
1790905303	0.2	1632228	9	12114.98s  Shadowmask atlas bake...	18628	3799832
1790905313	76.9	1993216	8	18636.77s  Animated light weight maps...	18638	3799832
1790905323	170.6	2169824	8	18636.77s  Animated light weight maps...	18648	3799832
1790905333	99.5	2169824	8	18636.77s  Animated light weight maps...	18658	3799832
1790905343	99.3	2169824	8	18636.77s  Animated light weight maps...	18668	3799832
1790905353	98.5	2169824	8	18636.77s  Animated light weight maps...	18678	3799832
1790905363	99.5	2169824	8	18636.77s  Animated light weight maps...	18688	3799832
1790905373	99.7	2168528	8	18636.77s  Animated light weight maps...	18698	3799832
1790905383	98.9	2168528	8	18636.77s  Animated light weight maps...	18708	3799832
1790905393	99.8	2168528	8	18636.77s  Animated light weight maps...	18718	3799832
1790905403	99.8	2167512	8	18636.77s  Animated light weight maps...	18728	3799832
1790905413	99.4	2166668	8	18636.77s  Animated light weight maps...	18738	3799832
1790905424	99.0	2166668	8	18636.77s  Animated light weight maps...	18748	3799832
1790905434	99.4	2166668	8	18636.77s  Animated light weight maps...	18758	3799832
1790905444	99.1	2166668	8	18636.77s  Animated light weight maps...	18768	3799832
1790905454	98.6	2166668	8	18636.77s  Animated light weight maps...	18778	3799832
1790905464	99.3	2166668	8	18636.77s  Animated light weight maps...	18788	3799832
1790905474	99.4	2166668	8	18636.77s  Animated light weight maps...	18798	3799832
1790905484	99.7	2166668	8	18636.77s  Animated light weight maps...	18808	3799832
1790905494	98.7	2166668	8	18636.77s  Animated light weight maps...	18818	3799832
1790905504	98.9	2166668	8	18636.77s  Animated light weight maps...	18828	3799832
1790905514	99.1	2166668	8	18636.77s  Animated light weight maps...	18838	3799832
1790905524	98.6	2166668	8	18636.77s  Animated light weight maps...	18848	3799832
1790905534	99.0	2166668	8	18636.77s  Animated light weight maps...	18858	3799832
1790905544	99.7	2166668	8	18636.77s  Animated light weight maps...	18868	3799832
1790905554	99.7	2166668	8	18636.77s  Animated light weight maps...	18878	3799832
1790905564	99.8	2166668	8	18636.77s  Animated light weight maps...	18889	3799832
1790905574	99.3	2164508	8	18636.77s  Animated light weight maps...	18899	3799832
1790905584	99.5	2164508	8	18636.77s  Animated light weight maps...	18909	3799832
1790905594	99.4	2164508	8	18636.77s  Animated light weight maps...	18919	3799832
1790905604	99.5	2164508	8	18636.77s  Animated light weight maps...	18929	3799832
1790905614	99.2	2164508	8	18636.77s  Animated light weight maps...	18939	3799832
1790905624	99.4	2163136	8	18636.77s  Animated light weight maps...	18949	3799832
1790905634	99.7	2163136	8	18636.77s  Animated light weight maps...	18959	3799832
1790905644	99.6	2163136	8	18636.77s  Animated light weight maps...	18969	3799832
1790905654	99.1	2163136	8	18636.77s  Animated light weight maps...	18979	3799832
1790905664	99.1	2163136	8	18636.77s  Animated light weight maps...	18989	3799832
1790905674	99.8	2163136	8	18636.77s  Animated light weight maps...	18999	3799832
1790905684	99.1	2161720	8	18636.77s  Animated light weight maps...	19009	3799832
1790905694	99.0	2161720	8	18636.77s  Animated light weight maps...	19019	3799832
1790905704	98.9	2161720	8	18636.77s  Animated light weight maps...	19029	3799832
1790905714	99.2	2039440	8	18636.77s  Animated light weight maps...	19039	3799832
1790905724	98.9	1978260	8	18636.77s  Animated light weight maps...	19049	3799832
1790905734	99.9	1978260	8	18636.77s  Animated light weight maps...	19059	3799832
1790905744	99.5	1978260	8	18636.77s  Animated light weight maps...	19069	3799832
1790905754	99.2	1978260	8	18636.77s  Animated light weight maps...	19079	3799832
1790905764	99.0	1978260	8	18636.77s  Animated light weight maps...	19089	3799832
1790905774	99.5	1978260	8	18636.77s  Animated light weight maps...	19099	3799832
1790905784	99.6	1978260	8	18636.77s  Animated light weight maps...	19109	3799832
1790905794	98.9	1978260	8	18636.77s  Animated light weight maps...	19119	3799832
1790905804	98.9	1978260	8	18636.77s  Animated light weight maps...	19129	3799832
1790905814	98.4	1978260	8	18636.77s  Animated light weight maps...	19139	3799832
1790905824	99.8	1978260	8	18636.77s  Animated light weight maps...	19149	3799832
1790905834	98.9	1978260	8	18636.77s  Animated light weight maps...	19159	3799832
1790905844	98.3	1978260	8	18636.77s  Animated light weight maps...	19169	3799832
1790905854	99.1	1978260	8	18636.77s  Animated light weight maps...	19179	3799832
1790905864	98.9	1978260	8	18636.77s  Animated light weight maps...	19189	3799832
1790905874	99.6	1978260	8	18636.77s  Animated light weight maps...	19199	3799832
1790905884	99.6	1978260	8	18636.77s  Animated light weight maps...	19209	3799832
1790905894	99.6	1978260	8	18636.77s  Animated light weight maps...	19219	3799832
1790905904	99.5	1978260	8	18636.77s  Animated light weight maps...	19229	3799832
1790905914	99.2	1978260	8	18636.77s  Animated light weight maps...	19239	3799832
1790905924	99.4	1978260	8	18636.77s  Animated light weight maps...	19249	3799832
1790905934	99.4	1978260	8	18636.77s  Animated light weight maps...	19259	3799832
1790905944	100.0	1978260	8	18636.77s  Animated light weight maps...	19269	3799832
1790905954	99.6	1978260	8	18636.77s  Animated light weight maps...	19279	3799832
1790905964	99.1	1978260	8	18636.77s  Animated light weight maps...	19289	3799832
1790905974	99.8	1975440	8	18636.77s  Animated light weight maps...	19299	3799832
1790905984	78.5	1856364	8	19304.41s  Packing and writing...	19309	3799832
1790905994	72.5	2405640	8	19304.41s  Packing and writing...	19319	3799832
1790906004	0.6	2405640	8	19304.41s  Packing and writing...	19329	3799832
1790906014	0.0	2405640	8	19304.41s  Packing and writing...	19339	3799832
1790906024	0.2	2405640	8	19304.41s  Packing and writing...	19349	3799832
1790906034	5.6	2553716	8	19304.41s  Packing and writing...	19359	3799832
1790906044	0.0	2553716	8	19304.41s  Packing and writing...	19369	3799832
1790906054	0.2	2553716	8	19304.41s  Packing and writing...	19379	3799832
1790906063	EXITED
